ID,Kind,Possess,Name,MainManifest,MainAB,MainData,Parent,ThumbAB,ThumbTex
"3","0","1","ヘアピン","abdata","chara/ao_hair_00.unity3d","p_acs_valletta_hairpine","a_n_hair_pin","chara/thumb/ao_hair_00.unity3d","p_acs_valletta_hairpine"
"7","0","1","クロスヘアピン","abdata","chara/ao_hair_00.unity3d","p_acs_xpin","a_n_hair_pin","chara/thumb/ao_hair_00.unity3d","p_acs_xpin"
"4","0","1","髪留め","abdata","chara/ao_hair_00.unity3d","p_acs_valletta_kamidome","a_n_hair_pin","chara/thumb/ao_hair_00.unity3d","p_acs_valletta_kamidome"
"6","0","1","安全ピン","abdata","chara/ao_hair_00.unity3d","p_acs_pin","a_n_hair_pin","chara/thumb/ao_hair_00.unity3d","p_acs_pin"
"11","0","1","星の髪飾り","abdata","chara/ao_hair_00.unity3d","p_acs_valletta_star1","a_n_hair_pin","chara/thumb/ao_hair_00.unity3d","p_acs_valletta_star1"
"0","0","1","星のバレッタ","abdata","chara/ao_hair_00.unity3d","p_acs_valletta_star","a_n_hair_pin","chara/thumb/ao_hair_00.unity3d","p_acs_valletta_star"
"12","0","1","ハートの髪飾り","abdata","chara/ao_hair_00.unity3d","p_acs_valletta_heart1","a_n_hair_pin","chara/thumb/ao_hair_00.unity3d","p_acs_valletta_heart1"
"1","0","1","ハートのバレッタ","abdata","chara/ao_hair_00.unity3d","p_acs_valletta_heart","a_n_hair_pin","chara/thumb/ao_hair_00.unity3d","p_acs_valletta_heart"
"13","0","1","蝶の髪飾り","abdata","chara/ao_hair_00.unity3d","p_acs_hair_butterfly","a_n_hair_pin","chara/thumb/ao_hair_00.unity3d","p_acs_hair_butterfly"
"14","0","1","ドクロの髪飾り","abdata","chara/ao_hair_00.unity3d","p_acs_hair_skull","a_n_hair_pin","chara/thumb/ao_hair_00.unity3d","p_acs_hair_skull"
"9","0","1","細リボンA","abdata","chara/ao_hair_00.unity3d","p_acs_head_ribbon_hoso1","a_n_hair_twin_L","chara/thumb/ao_hair_00.unity3d","p_acs_head_ribbon_hoso1"
"10","0","1","細リボンB","abdata","chara/ao_hair_00.unity3d","p_acs_head_ribbon_hoso2","a_n_hair_twin_L","chara/thumb/ao_hair_00.unity3d","p_acs_head_ribbon_hoso2"
"8","0","1","大きなリボン","abdata","chara/ao_hair_00.unity3d","p_acs_head_ribbon_big","a_n_hair_pony","chara/thumb/ao_hair_00.unity3d","p_acs_head_ribbon_big"
"5","0","1","花","abdata","chara/ao_hair_00.unity3d","p_acs_valletta_flower","a_n_hair_pin","chara/thumb/ao_hair_00.unity3d","p_acs_valletta_flower"
"2","0","1","ハイビスカス","abdata","chara/ao_hair_00.unity3d","p_acs_valletta_haibisukasu","a_n_hair_pin","chara/thumb/ao_hair_00.unity3d","p_acs_valletta_haibisukasu"
"16","0","1","花の髪飾り（揺れ）","abdata","chara/ao_hair_00.unity3d","p_acs_head_hanayure","a_n_hair_pin","chara/thumb/ao_hair_00.unity3d","p_acs_head_hanayure"
"17","0","1","牡丹の髪飾り","abdata","chara/ao_hair_00.unity3d","p_acs_head_botankazari","a_n_hair_pin","chara/thumb/ao_hair_00.unity3d","p_acs_head_botankazari"