ID,Kind,Possess,Name,MainAB,PaintTex,ThumbAB,ThumbTex
"0","0","1","なし","0","0","chara/etc.unity3d","thumb_none"
"1","0","1","ハート","chara/mt_face_paint_00.unity3d","cf_t_face_paint_02","chara/thumb/mt_face_paint_00.unity3d","thumb_face_paint_02"
"2","0","1","水滴","chara/mt_face_paint_00.unity3d","cf_t_face_paint_03","chara/thumb/mt_face_paint_00.unity3d","thumb_face_paint_03"
"3","0","1","星A","chara/mt_face_paint_00.unity3d","cf_t_face_paint_04","chara/thumb/mt_face_paint_00.unity3d","thumb_face_paint_04"
"4","0","1","星B","chara/mt_face_paint_00.unity3d","cf_t_face_paint_05","chara/thumb/mt_face_paint_00.unity3d","thumb_face_paint_05"
"5","0","1","三日月","chara/mt_face_paint_00.unity3d","cf_t_face_paint_06","chara/thumb/mt_face_paint_00.unity3d","thumb_face_paint_06"
"6","0","1","キスマーク","chara/mt_face_paint_00.unity3d","cf_t_face_paint_07","chara/thumb/mt_face_paint_00.unity3d","thumb_face_paint_07"
"7","0","1","クモ","chara/mt_face_paint_00.unity3d","cf_t_face_paint_08","chara/thumb/mt_face_paint_00.unity3d","thumb_face_paint_08"
"8","0","1","クモの巣","chara/mt_face_paint_00.unity3d","cf_t_face_paint_09","chara/thumb/mt_face_paint_00.unity3d","thumb_face_paint_09"
"9","0","1","バラ","chara/mt_face_paint_00.unity3d","cf_t_face_paint_10","chara/thumb/mt_face_paint_00.unity3d","thumb_face_paint_10"
"10","0","1","陰陽","chara/mt_face_paint_00.unity3d","cf_t_face_paint_11","chara/thumb/mt_face_paint_00.unity3d","thumb_face_paint_11"
"11","0","1","禁止","chara/mt_face_paint_00.unity3d","cf_t_face_paint_12","chara/thumb/mt_face_paint_00.unity3d","thumb_face_paint_12"
"12","0","1","蝶","chara/mt_face_paint_00.unity3d","cf_t_face_paint_13","chara/thumb/mt_face_paint_00.unity3d","thumb_face_paint_13"
"13","0","1","肉球","chara/mt_face_paint_00.unity3d","cf_t_face_paint_14","chara/thumb/mt_face_paint_00.unity3d","thumb_face_paint_14"
"14","0","1","ターゲット","chara/mt_face_paint_00.unity3d","cf_t_face_paint_15","chara/thumb/mt_face_paint_00.unity3d","thumb_face_paint_15"
"15","0","1","ネイティブライン","chara/mt_face_paint_00.unity3d","cf_t_face_paint_16","chara/thumb/mt_face_paint_00.unity3d","thumb_face_paint_16"
"16","0","1","スラッシュ","chara/mt_face_paint_00.unity3d","cf_t_face_paint_17","chara/thumb/mt_face_paint_00.unity3d","thumb_face_paint_17"
"17","0","1","クロススラッシュ","chara/mt_face_paint_00.unity3d","cf_t_face_paint_18","chara/thumb/mt_face_paint_00.unity3d","thumb_face_paint_18"
"18","0","1","クロススラッシュ×５","chara/mt_face_paint_00.unity3d","cf_t_face_paint_19","chara/thumb/mt_face_paint_00.unity3d","thumb_face_paint_19"
"19","0","1","第三の目","chara/mt_face_paint_00.unity3d","cf_t_face_paint_20","chara/thumb/mt_face_paint_00.unity3d","thumb_face_paint_20"
"20","0","1","ドクロ","chara/mt_face_paint_00.unity3d","cf_t_face_paint_21","chara/thumb/mt_face_paint_00.unity3d","thumb_face_paint_21"
"21","0","1","怒り","chara/mt_face_paint_00.unity3d","cf_t_face_paint_22","chara/thumb/mt_face_paint_00.unity3d","thumb_face_paint_22"
"22","0","1","三角","chara/mt_face_paint_00.unity3d","cf_t_face_paint_23","chara/thumb/mt_face_paint_00.unity3d","thumb_face_paint_23"
"23","0","1","絆創膏","chara/mt_face_paint_00.unity3d","cf_t_face_paint_24","chara/thumb/mt_face_paint_00.unity3d","thumb_face_paint_24"