ID,Kind,Possess,Name,MainAB,EyebrowTex,ThumbAB,ThumbTex
"0","0","1","タイプ１","chara/mt_eyebrow_00.unity3d","cw_t_mayuge_000","chara/thumb/mt_eyebrow_00.unity3d","thumb_mayuge_000"
"1","0","1","タイプ２","chara/mt_eyebrow_00.unity3d","cw_t_mayuge_001","chara/thumb/mt_eyebrow_00.unity3d","thumb_mayuge_001"
"2","0","1","タイプ３","chara/mt_eyebrow_00.unity3d","cw_t_mayuge_002","chara/thumb/mt_eyebrow_00.unity3d","thumb_mayuge_002"
"3","0","1","タイプ４","chara/mt_eyebrow_00.unity3d","cw_t_mayuge_003","chara/thumb/mt_eyebrow_00.unity3d","thumb_mayuge_003"
"4","0","1","タイプ５","chara/mt_eyebrow_00.unity3d","cw_t_mayuge_004","chara/thumb/mt_eyebrow_00.unity3d","thumb_mayuge_004"
"5","0","1","タイプ６","chara/mt_eyebrow_00.unity3d","cw_t_mayuge_005","chara/thumb/mt_eyebrow_00.unity3d","thumb_mayuge_005"
"6","0","1","タイプ７","chara/mt_eyebrow_00.unity3d","cw_t_mayuge_006","chara/thumb/mt_eyebrow_00.unity3d","thumb_mayuge_006"
"7","0","1","タイプ８","chara/mt_eyebrow_00.unity3d","cw_t_mayuge_007","chara/thumb/mt_eyebrow_00.unity3d","thumb_mayuge_007"
"8","0","1","タイプ９","chara/mt_eyebrow_00.unity3d","cw_t_mayuge_008","chara/thumb/mt_eyebrow_00.unity3d","thumb_mayuge_008"
"9","0","1","タイプ１０","chara/mt_eyebrow_00.unity3d","cw_t_mayuge_009","chara/thumb/mt_eyebrow_00.unity3d","thumb_mayuge_009"
"10","0","1","タイプ１１","chara/mt_eyebrow_00.unity3d","cw_t_mayuge_010","chara/thumb/mt_eyebrow_00.unity3d","thumb_mayuge_010"
"11","0","1","タイプ１２","chara/mt_eyebrow_00.unity3d","cw_t_mayuge_011","chara/thumb/mt_eyebrow_00.unity3d","thumb_mayuge_011"
"12","0","1","タイプ１３","chara/mt_eyebrow_00.unity3d","cw_t_mayuge_012","chara/thumb/mt_eyebrow_00.unity3d","thumb_mayuge_012"
"13","0","1","タイプ１４","chara/mt_eyebrow_00.unity3d","cw_t_mayuge_013","chara/thumb/mt_eyebrow_00.unity3d","thumb_mayuge_013"
"14","0","1","タイプ１５","chara/mt_eyebrow_00.unity3d","cw_t_mayuge_014","chara/thumb/mt_eyebrow_00.unity3d","thumb_mayuge_014"