ID,Kind,Possess,Name,MainAB,EyeTex,ThumbAB,ThumbTex
"0","0","1","タイプ１","chara/mt_eye_00.unity3d","cw_t_hitomi_000","chara/thumb/mt_eye_00.unity3d","thumb_hitomi_000"
"1","0","1","タイプ２","chara/mt_eye_00.unity3d","cw_t_hitomi_001","chara/thumb/mt_eye_00.unity3d","thumb_hitomi_001"
"2","0","1","タイプ３","chara/mt_eye_00.unity3d","cw_t_hitomi_002","chara/thumb/mt_eye_00.unity3d","thumb_hitomi_002"
"3","0","1","タイプ４","chara/mt_eye_00.unity3d","cw_t_hitomi_003","chara/thumb/mt_eye_00.unity3d","thumb_hitomi_003"
"4","0","1","タイプ５","chara/mt_eye_00.unity3d","cw_t_hitomi_004","chara/thumb/mt_eye_00.unity3d","thumb_hitomi_004"
"5","0","1","タイプ６","chara/mt_eye_00.unity3d","cw_t_hitomi_005","chara/thumb/mt_eye_00.unity3d","thumb_hitomi_005"
"6","0","1","タイプ７","chara/mt_eye_00.unity3d","cw_t_hitomi_006","chara/thumb/mt_eye_00.unity3d","thumb_hitomi_006"
"7","0","1","タイプ８","chara/mt_eye_00.unity3d","cw_t_hitomi_007","chara/thumb/mt_eye_00.unity3d","thumb_hitomi_007"
"8","0","1","タイプ９","chara/mt_eye_00.unity3d","cw_t_hitomi_008","chara/thumb/mt_eye_00.unity3d","thumb_hitomi_008"
"9","0","1","タイプ１０","chara/mt_eye_00.unity3d","cw_t_hitomi_009","chara/thumb/mt_eye_00.unity3d","thumb_hitomi_009"
"10","0","1","タイプ１１","chara/mt_eye_00.unity3d","cw_t_hitomi_010","chara/thumb/mt_eye_00.unity3d","thumb_hitomi_010"
"11","0","1","タイプ１２","chara/mt_eye_00.unity3d","cw_t_hitomi_011","chara/thumb/mt_eye_00.unity3d","thumb_hitomi_011"
"12","0","1","タイプ１３","chara/mt_eye_00.unity3d","cw_t_hitomi_012","chara/thumb/mt_eye_00.unity3d","thumb_hitomi_012"
"13","0","1","タイプ１４","chara/mt_eye_00.unity3d","cw_t_hitomi_013","chara/thumb/mt_eye_00.unity3d","thumb_hitomi_013"
"14","0","1","タイプ１５","chara/mt_eye_00.unity3d","cw_t_hitomi_014","chara/thumb/mt_eye_00.unity3d","thumb_hitomi_014"
"15","0","1","タイプ１６","chara/mt_eye_00.unity3d","cw_t_hitomi_015","chara/thumb/mt_eye_00.unity3d","thumb_hitomi_015"
"16","0","1","タイプ１７","chara/mt_eye_00.unity3d","cw_t_hitomi_016","chara/thumb/mt_eye_00.unity3d","thumb_hitomi_016"
"17","0","1","タイプ１８","chara/mt_eye_00.unity3d","cw_t_hitomi_017","chara/thumb/mt_eye_00.unity3d","thumb_hitomi_017"
"18","0","1","タイプ１９","chara/mt_eye_00.unity3d","cw_t_hitomi_018","chara/thumb/mt_eye_00.unity3d","thumb_hitomi_018"
"19","0","1","タイプ２０","chara/mt_eye_00.unity3d","cw_t_hitomi_019","chara/thumb/mt_eye_00.unity3d","thumb_hitomi_019"
"20","0","1","タイプ２１","chara/mt_eye_00.unity3d","cw_t_hitomi_020","chara/thumb/mt_eye_00.unity3d","thumb_hitomi_020"
"21","0","1","タイプ２２","chara/mt_eye_00.unity3d","cw_t_hitomi_021","chara/thumb/mt_eye_00.unity3d","thumb_hitomi_021"
"22","0","1","タイプ２３","chara/mt_eye_00.unity3d","cw_t_hitomi_022","chara/thumb/mt_eye_00.unity3d","thumb_hitomi_022"
"23","0","1","タイプ２４","chara/mt_eye_00.unity3d","cw_t_hitomi_023","chara/thumb/mt_eye_00.unity3d","thumb_hitomi_023"
"24","0","1","タイプ２５","chara/mt_eye_00.unity3d","cw_t_hitomi_024","chara/thumb/mt_eye_00.unity3d","thumb_hitomi_024"
"25","0","1","タイプ２６","chara/mt_eye_00.unity3d","cw_t_hitomi_025","chara/thumb/mt_eye_00.unity3d","thumb_hitomi_025"
"26","0","1","タイプ２７","chara/mt_eye_00.unity3d","cw_t_hitomi_026","chara/thumb/mt_eye_00.unity3d","thumb_hitomi_026"
"27","0","1","タイプ２８","chara/mt_eye_00.unity3d","cw_t_hitomi_027","chara/thumb/mt_eye_00.unity3d","thumb_hitomi_027"
"28","0","1","タイプ２９","chara/mt_eye_00.unity3d","cw_t_hitomi_028","chara/thumb/mt_eye_00.unity3d","thumb_hitomi_028"
"29","0","1","タイプ３０","chara/mt_eye_00.unity3d","cw_t_hitomi_029","chara/thumb/mt_eye_00.unity3d","thumb_hitomi_029"
"30","0","1","タイプ３１","chara/mt_eye_00.unity3d","cw_t_hitomi_030","chara/thumb/mt_eye_00.unity3d","thumb_hitomi_030"
"31","0","1","タイプ３２","chara/mt_eye_00.unity3d","cw_t_hitomi_031","chara/thumb/mt_eye_00.unity3d","thumb_hitomi_031"
"32","0","1","タイプ３３","chara/mt_eye_00.unity3d","cw_t_hitomi_032","chara/thumb/mt_eye_00.unity3d","thumb_hitomi_032"
"33","0","1","タイプ３４","chara/mt_eye_00.unity3d","cw_t_hitomi_033","chara/thumb/mt_eye_00.unity3d","thumb_hitomi_033"
"34","0","1","タイプ３５","chara/mt_eye_00.unity3d","cw_t_hitomi_034","chara/thumb/mt_eye_00.unity3d","thumb_hitomi_034"
"35","0","1","タイプ３６","chara/mt_eye_00.unity3d","cw_t_hitomi_035","chara/thumb/mt_eye_00.unity3d","thumb_hitomi_035"
"36","0","1","タイプ３７","chara/mt_eye_00.unity3d","cw_t_hitomi_036","chara/thumb/mt_eye_00.unity3d","thumb_hitomi_036"
"37","0","1","タイプ３８","chara/mt_eye_00.unity3d","cw_t_hitomi_037","chara/thumb/mt_eye_00.unity3d","thumb_hitomi_037"
"38","0","1","タイプ３９","chara/mt_eye_00.unity3d","cw_t_hitomi_038","chara/thumb/mt_eye_00.unity3d","thumb_hitomi_038"
"39","0","1","タイプ４０","chara/mt_eye_00.unity3d","cw_t_hitomi_039","chara/thumb/mt_eye_00.unity3d","thumb_hitomi_039"
"40","0","1","タイプ４１","chara/mt_eye_00.unity3d","cw_t_hitomi_040","chara/thumb/mt_eye_00.unity3d","thumb_hitomi_040"
"41","0","1","タイプ４２","chara/mt_eye_00.unity3d","cw_t_hitomi_041","chara/thumb/mt_eye_00.unity3d","thumb_hitomi_041"
"42","0","1","タイプ４３","chara/mt_eye_00.unity3d","cw_t_hitomi_042","chara/thumb/mt_eye_00.unity3d","thumb_hitomi_042"
"43","0","1","タイプ４４","chara/mt_eye_00.unity3d","cw_t_hitomi_043","chara/thumb/mt_eye_00.unity3d","thumb_hitomi_043"
"44","0","1","タイプ４５","chara/mt_eye_00.unity3d","cw_t_hitomi_044","chara/thumb/mt_eye_00.unity3d","thumb_hitomi_044"
"45","0","1","タイプ４６","chara/mt_eye_00.unity3d","cw_t_hitomi_045","chara/thumb/mt_eye_00.unity3d","thumb_hitomi_045"
"46","0","1","タイプ４７","chara/mt_eye_00.unity3d","cw_t_hitomi_046","chara/thumb/mt_eye_00.unity3d","thumb_hitomi_046"
"47","0","1","タイプ４８","chara/mt_eye_00.unity3d","cw_t_hitomi_047","chara/thumb/mt_eye_00.unity3d","thumb_hitomi_047"
"48","0","1","タイプ４９","chara/mt_eye_00.unity3d","cw_t_hitomi_048","chara/thumb/mt_eye_00.unity3d","thumb_hitomi_048"
"49","0","1","タイプ５０","chara/mt_eye_00.unity3d","cw_t_hitomi_049","chara/thumb/mt_eye_00.unity3d","thumb_hitomi_049"
"50","0","1","タイプ５１","chara/mt_eye_00.unity3d","cw_t_hitomi_050","chara/thumb/mt_eye_00.unity3d","thumb_hitomi_050"
"51","0","1","タイプ５２","chara/mt_eye_00.unity3d","cw_t_hitomi_051","chara/thumb/mt_eye_00.unity3d","thumb_hitomi_051"
"52","0","1","タイプ５３","chara/mt_eye_00.unity3d","cw_t_hitomi_052","chara/thumb/mt_eye_00.unity3d","thumb_hitomi_052"
"53","0","1","タイプ５４","chara/mt_eye_00.unity3d","cw_t_hitomi_053","chara/thumb/mt_eye_00.unity3d","thumb_hitomi_053"
"54","0","1","タイプ５５","chara/mt_eye_00.unity3d","cw_t_hitomi_054","chara/thumb/mt_eye_00.unity3d","thumb_hitomi_054"
"55","0","1","タイプ５６","chara/mt_eye_00.unity3d","cw_t_hitomi_055","chara/thumb/mt_eye_00.unity3d","thumb_hitomi_055"
"56","0","1","タイプ５７","chara/mt_eye_00.unity3d","cw_t_hitomi_056","chara/thumb/mt_eye_00.unity3d","thumb_hitomi_056"
"57","0","1","タイプ５８","chara/mt_eye_00.unity3d","cw_t_hitomi_057","chara/thumb/mt_eye_00.unity3d","thumb_hitomi_057"
"58","0","1","タイプ５９","chara/mt_eye_00.unity3d","cw_t_hitomi_058","chara/thumb/mt_eye_00.unity3d","thumb_hitomi_058"
"59","0","1","タイプ６０","chara/mt_eye_00.unity3d","cw_t_hitomi_059","chara/thumb/mt_eye_00.unity3d","thumb_hitomi_059"
"60","0","1","タイプ６１","chara/mt_eye_00.unity3d","cw_t_hitomi_060","chara/thumb/mt_eye_00.unity3d","thumb_hitomi_060"
"61","0","1","タイプ６２","chara/mt_eye_00.unity3d","cw_t_hitomi_061","chara/thumb/mt_eye_00.unity3d","thumb_hitomi_061"
"62","0","1","タイプ６３","chara/mt_eye_00.unity3d","cw_t_hitomi_062","chara/thumb/mt_eye_00.unity3d","thumb_hitomi_062"
"63","0","1","タイプ６４","chara/mt_eye_00.unity3d","cw_t_hitomi_063","chara/thumb/mt_eye_00.unity3d","thumb_hitomi_063"
"64","0","1","タイプ６５","chara/mt_eye_00.unity3d","cw_t_hitomi_064","chara/thumb/mt_eye_00.unity3d","thumb_hitomi_064"
"65","0","1","タイプ６６","chara/mt_eye_00.unity3d","cw_t_hitomi_065","chara/thumb/mt_eye_00.unity3d","thumb_hitomi_065"
"66","0","1","タイプ６７","chara/mt_eye_00.unity3d","cw_t_hitomi_066","chara/thumb/mt_eye_00.unity3d","thumb_hitomi_066"
"67","0","1","タイプ６８","chara/mt_eye_00.unity3d","cw_t_hitomi_067","chara/thumb/mt_eye_00.unity3d","thumb_hitomi_067"
"68","0","1","タイプ６９","chara/mt_eye_00.unity3d","cw_t_hitomi_068","chara/thumb/mt_eye_00.unity3d","thumb_hitomi_068"
"69","0","1","タイプ７０","chara/mt_eye_00.unity3d","cw_t_hitomi_069","chara/thumb/mt_eye_00.unity3d","thumb_hitomi_069"
"70","0","1","タイプ７１","chara/mt_eye_00.unity3d","cw_t_hitomi_070","chara/thumb/mt_eye_00.unity3d","thumb_hitomi_070"
"71","0","1","タイプ７２","chara/mt_eye_00.unity3d","cw_t_hitomi_071","chara/thumb/mt_eye_00.unity3d","thumb_hitomi_071"
"72","0","1","タイプ７３","chara/mt_eye_00.unity3d","cw_t_hitomi_072","chara/thumb/mt_eye_00.unity3d","thumb_hitomi_072"
"73","0","1","タイプ７４","chara/mt_eye_00.unity3d","cw_t_hitomi_073","chara/thumb/mt_eye_00.unity3d","thumb_hitomi_073"
"74","0","1","タイプ７５","chara/mt_eye_00.unity3d","cw_t_hitomi_074","chara/thumb/mt_eye_00.unity3d","thumb_hitomi_074"
"75","0","1","タイプ７６","chara/mt_eye_00.unity3d","cw_t_hitomi_075","chara/thumb/mt_eye_00.unity3d","thumb_hitomi_075"
"76","0","1","タイプ７７","chara/mt_eye_00.unity3d","cw_t_hitomi_076","chara/thumb/mt_eye_00.unity3d","thumb_hitomi_076"