ID,Kind,Possess,Name,MainAB,EyelineUpTex,EyelineShadowTex,ThumbAB,ThumbTex
"0","0","1","タイプ１","chara/mt_eyeline_up_00.unity3d","cw_t_eyeline_up_000","cw_t_eyeline_kage_000","chara/thumb/mt_eyeline_up_00.unity3d","thumb_eyeline_up_000"
"1","0","1","タイプ２","chara/mt_eyeline_up_00.unity3d","cw_t_eyeline_up_001","cw_t_eyeline_kage_001","chara/thumb/mt_eyeline_up_00.unity3d","thumb_eyeline_up_001"
"2","0","1","タイプ３","chara/mt_eyeline_up_00.unity3d","cw_t_eyeline_up_002","cw_t_eyeline_kage_002","chara/thumb/mt_eyeline_up_00.unity3d","thumb_eyeline_up_002"
"3","0","1","タイプ４","chara/mt_eyeline_up_00.unity3d","cw_t_eyeline_up_003","cw_t_eyeline_kage_003","chara/thumb/mt_eyeline_up_00.unity3d","thumb_eyeline_up_003"
"4","0","1","タイプ５","chara/mt_eyeline_up_00.unity3d","cw_t_eyeline_up_004","cw_t_eyeline_kage_004","chara/thumb/mt_eyeline_up_00.unity3d","thumb_eyeline_up_004"
"5","0","1","タイプ６","chara/mt_eyeline_up_00.unity3d","cw_t_eyeline_up_005","cw_t_eyeline_kage_005","chara/thumb/mt_eyeline_up_00.unity3d","thumb_eyeline_up_005"
"6","0","1","タイプ７","chara/mt_eyeline_up_00.unity3d","cw_t_eyeline_up_006","cw_t_eyeline_kage_006","chara/thumb/mt_eyeline_up_00.unity3d","thumb_eyeline_up_006"
"7","0","1","タイプ８","chara/mt_eyeline_up_00.unity3d","cw_t_eyeline_up_007","cw_t_eyeline_kage_007","chara/thumb/mt_eyeline_up_00.unity3d","thumb_eyeline_up_007"
"8","0","1","タイプ９","chara/mt_eyeline_up_00.unity3d","cw_t_eyeline_up_008","cw_t_eyeline_kage_008","chara/thumb/mt_eyeline_up_00.unity3d","thumb_eyeline_up_008"
"9","0","1","タイプ１０","chara/mt_eyeline_up_00.unity3d","cw_t_eyeline_up_009","cw_t_eyeline_kage_009","chara/thumb/mt_eyeline_up_00.unity3d","thumb_eyeline_up_009"
"10","0","1","タイプ１１","chara/mt_eyeline_up_00.unity3d","cw_t_eyeline_up_010","cw_t_eyeline_kage_010","chara/thumb/mt_eyeline_up_00.unity3d","thumb_eyeline_up_010"
"11","0","1","タイプ１２","chara/mt_eyeline_up_00.unity3d","cw_t_eyeline_up_011","cw_t_eyeline_kage_011","chara/thumb/mt_eyeline_up_00.unity3d","thumb_eyeline_up_011"
"12","0","1","タイプ１３","chara/mt_eyeline_up_00.unity3d","cw_t_eyeline_up_012","cw_t_eyeline_kage_012","chara/thumb/mt_eyeline_up_00.unity3d","thumb_eyeline_up_012"
"13","0","1","タイプ１４","chara/mt_eyeline_up_00.unity3d","cw_t_eyeline_up_013","cw_t_eyeline_kage_013","chara/thumb/mt_eyeline_up_00.unity3d","thumb_eyeline_up_013"
"14","0","1","タイプ１５","chara/mt_eyeline_up_00.unity3d","cw_t_eyeline_up_014","cw_t_eyeline_kage_014","chara/thumb/mt_eyeline_up_00.unity3d","thumb_eyeline_up_014"
"15","0","1","タイプ１６","chara/mt_eyeline_up_00.unity3d","cw_t_eyeline_up_015","cw_t_eyeline_kage_015","chara/thumb/mt_eyeline_up_00.unity3d","thumb_eyeline_up_015"
"16","0","1","タイプ１７","chara/mt_eyeline_up_00.unity3d","cw_t_eyeline_up_016","cw_t_eyeline_kage_016","chara/thumb/mt_eyeline_up_00.unity3d","thumb_eyeline_up_016"
"17","0","1","タイプ１８","chara/mt_eyeline_up_00.unity3d","cw_t_eyeline_up_017","cw_t_eyeline_kage_017","chara/thumb/mt_eyeline_up_00.unity3d","thumb_eyeline_up_017"
"18","0","1","タイプ１９","chara/mt_eyeline_up_00.unity3d","cw_t_eyeline_up_018","cw_t_eyeline_kage_018","chara/thumb/mt_eyeline_up_00.unity3d","thumb_eyeline_up_018"
"19","0","1","タイプ２０","chara/mt_eyeline_up_00.unity3d","cw_t_eyeline_up_019","cw_t_eyeline_kage_019","chara/thumb/mt_eyeline_up_00.unity3d","thumb_eyeline_up_019"
"20","0","1","タイプ２１","chara/mt_eyeline_up_00.unity3d","cw_t_eyeline_up_020","cw_t_eyeline_kage_020","chara/thumb/mt_eyeline_up_00.unity3d","thumb_eyeline_up_020"
"21","0","1","タイプ２２","chara/mt_eyeline_up_00.unity3d","cw_t_eyeline_up_021","cw_t_eyeline_kage_021","chara/thumb/mt_eyeline_up_00.unity3d","thumb_eyeline_up_021"
"22","0","1","タイプ２３","chara/mt_eyeline_up_00.unity3d","cw_t_eyeline_up_022","cw_t_eyeline_kage_022","chara/thumb/mt_eyeline_up_00.unity3d","thumb_eyeline_up_022"
"23","0","1","タイプ２４","chara/mt_eyeline_up_00.unity3d","cw_t_eyeline_up_023","cw_t_eyeline_kage_023","chara/thumb/mt_eyeline_up_00.unity3d","thumb_eyeline_up_023"
"24","0","1","タイプ２５","chara/mt_eyeline_up_00.unity3d","cw_t_eyeline_up_024","cw_t_eyeline_kage_024","chara/thumb/mt_eyeline_up_00.unity3d","thumb_eyeline_up_024"
"25","0","1","タイプ２６","chara/mt_eyeline_up_00.unity3d","cw_t_eyeline_up_025","cw_t_eyeline_kage_025","chara/thumb/mt_eyeline_up_00.unity3d","thumb_eyeline_up_025"
"26","0","1","タイプ２７","chara/mt_eyeline_up_00.unity3d","cw_t_eyeline_up_026","cw_t_eyeline_kage_026","chara/thumb/mt_eyeline_up_00.unity3d","thumb_eyeline_up_026"
"27","0","1","タイプ２８","chara/mt_eyeline_up_00.unity3d","cw_t_eyeline_up_027","cw_t_eyeline_kage_027","chara/thumb/mt_eyeline_up_00.unity3d","thumb_eyeline_up_027"
"28","0","1","タイプ２９","chara/mt_eyeline_up_00.unity3d","cw_t_eyeline_up_028","cw_t_eyeline_kage_028","chara/thumb/mt_eyeline_up_00.unity3d","thumb_eyeline_up_028"
"29","0","1","タイプ３０","chara/mt_eyeline_up_00.unity3d","cw_t_eyeline_up_029","cw_t_eyeline_kage_029","chara/thumb/mt_eyeline_up_00.unity3d","thumb_eyeline_up_029"
"30","0","1","タイプ３１","chara/mt_eyeline_up_00.unity3d","cw_t_eyeline_up_030","cw_t_eyeline_kage_030","chara/thumb/mt_eyeline_up_00.unity3d","thumb_eyeline_up_030"
"31","0","1","タイプ３２","chara/mt_eyeline_up_00.unity3d","cw_t_eyeline_up_031","cw_t_eyeline_kage_031","chara/thumb/mt_eyeline_up_00.unity3d","thumb_eyeline_up_031"
"32","0","1","タイプ３３","chara/mt_eyeline_up_00.unity3d","cw_t_eyeline_up_032","cw_t_eyeline_kage_032","chara/thumb/mt_eyeline_up_00.unity3d","thumb_eyeline_up_032"
"33","0","1","タイプ３４","chara/mt_eyeline_up_00.unity3d","cw_t_eyeline_up_033","cw_t_eyeline_kage_033","chara/thumb/mt_eyeline_up_00.unity3d","thumb_eyeline_up_033"
"34","0","1","タイプ３５","chara/mt_eyeline_up_00.unity3d","cw_t_eyeline_up_034","cw_t_eyeline_kage_034","chara/thumb/mt_eyeline_up_00.unity3d","thumb_eyeline_up_034"
"35","0","1","タイプ３６","chara/mt_eyeline_up_00.unity3d","cw_t_eyeline_up_035","cw_t_eyeline_kage_035","chara/thumb/mt_eyeline_up_00.unity3d","thumb_eyeline_up_035"
"36","0","1","タイプ３７","chara/mt_eyeline_up_00.unity3d","cw_t_eyeline_up_036","cw_t_eyeline_kage_036","chara/thumb/mt_eyeline_up_00.unity3d","thumb_eyeline_up_036"
"37","0","1","タイプ３８","chara/mt_eyeline_up_00.unity3d","cw_t_eyeline_up_037","cw_t_eyeline_kage_037","chara/thumb/mt_eyeline_up_00.unity3d","thumb_eyeline_up_037"
"38","0","1","タイプ３９","chara/mt_eyeline_up_00.unity3d","cw_t_eyeline_up_038","cw_t_eyeline_kage_038","chara/thumb/mt_eyeline_up_00.unity3d","thumb_eyeline_up_038"
"39","0","1","タイプ４０","chara/mt_eyeline_up_00.unity3d","cw_t_eyeline_up_039","cw_t_eyeline_kage_039","chara/thumb/mt_eyeline_up_00.unity3d","thumb_eyeline_up_039"
"40","0","1","タイプ４１","chara/mt_eyeline_up_00.unity3d","cw_t_eyeline_up_040","cw_t_eyeline_kage_040","chara/thumb/mt_eyeline_up_00.unity3d","thumb_eyeline_up_040"
"41","0","1","タイプ４２","chara/mt_eyeline_up_00.unity3d","cw_t_eyeline_up_041","cw_t_eyeline_kage_041","chara/thumb/mt_eyeline_up_00.unity3d","thumb_eyeline_up_041"
"42","0","1","タイプ４３","chara/mt_eyeline_up_00.unity3d","cw_t_eyeline_up_042","cw_t_eyeline_kage_042","chara/thumb/mt_eyeline_up_00.unity3d","thumb_eyeline_up_042"
"43","0","1","タイプ４４","chara/mt_eyeline_up_00.unity3d","cw_t_eyeline_up_043","cw_t_eyeline_kage_043","chara/thumb/mt_eyeline_up_00.unity3d","thumb_eyeline_up_043"
"44","0","1","タイプ４５","chara/mt_eyeline_up_00.unity3d","cw_t_eyeline_up_044","cw_t_eyeline_kage_044","chara/thumb/mt_eyeline_up_00.unity3d","thumb_eyeline_up_044"
"45","0","1","タイプ４６","chara/mt_eyeline_up_00.unity3d","cw_t_eyeline_up_045","cw_t_eyeline_kage_045","chara/thumb/mt_eyeline_up_00.unity3d","thumb_eyeline_up_045"
"46","0","1","タイプ４７","chara/mt_eyeline_up_00.unity3d","cw_t_eyeline_up_046","cw_t_eyeline_kage_046","chara/thumb/mt_eyeline_up_00.unity3d","thumb_eyeline_up_046"
"47","0","1","タイプ４８","chara/mt_eyeline_up_00.unity3d","cw_t_eyeline_up_047","cw_t_eyeline_kage_047","chara/thumb/mt_eyeline_up_00.unity3d","thumb_eyeline_up_047"
"48","0","1","タイプ４９","chara/mt_eyeline_up_00.unity3d","cw_t_eyeline_up_048","cw_t_eyeline_kage_048","chara/thumb/mt_eyeline_up_00.unity3d","thumb_eyeline_up_048"
"49","0","1","タイプ５０","chara/mt_eyeline_up_00.unity3d","cw_t_eyeline_up_049","cw_t_eyeline_kage_049","chara/thumb/mt_eyeline_up_00.unity3d","thumb_eyeline_up_049"
"50","0","1","タイプ５１","chara/mt_eyeline_up_00.unity3d","cw_t_eyeline_up_050","cw_t_eyeline_kage_050","chara/thumb/mt_eyeline_up_00.unity3d","thumb_eyeline_up_050"
"51","0","1","タイプ５２","chara/mt_eyeline_up_00.unity3d","cw_t_eyeline_up_051","cw_t_eyeline_kage_051","chara/thumb/mt_eyeline_up_00.unity3d","thumb_eyeline_up_051"
"52","0","1","タイプ５３","chara/mt_eyeline_up_00.unity3d","cw_t_eyeline_up_052","cw_t_eyeline_kage_052","chara/thumb/mt_eyeline_up_00.unity3d","thumb_eyeline_up_052"