"no","assetbundle"
"70","adv/scenario/c29/00.unity3d"
"71","adv/scenario/c29/00.unity3d"
"72","adv/scenario/c29/00.unity3d"
"73","adv/scenario/c29/00.unity3d"
"75","adv/scenario/c29/00.unity3d"
"76","adv/scenario/c29/00.unity3d"
"77","adv/scenario/c29/00.unity3d"
"78","adv/scenario/c29/00.unity3d"
"80","adv/scenario/c29/00.unity3d"
"81","adv/scenario/c29/00.unity3d"
"82","adv/scenario/c29/00.unity3d"
"83","adv/scenario/c29/00.unity3d"
"85","adv/scenario/c29/00.unity3d"
"86","adv/scenario/c29/00.unity3d"
"87","adv/scenario/c29/00.unity3d"
"88","adv/scenario/c29/00.unity3d"
