"name","MotionBundle","MotionAsset","MotionState","IKBundle","IKAsset","ShakeBundle","ShakeAsset"
"通常立ち","adv/motion/controller/adv/00.unity3d","cf_adv_00_00","Stand_10_00","adv/motion/iklist/00.unity3d","cf_adv_00_00"
"怒り立ち","adv/motion/controller/adv/00.unity3d","cf_adv_00_00","Stand_Ang_00","adv/motion/iklist/00.unity3d","cf_adv_00_00"
"ベース00","adv/motion/controller/adv/00.unity3d","cf_adv_00_00","Stand_00_00","adv/motion/iklist/00.unity3d","cf_adv_00_00"
"ベース01","adv/motion/controller/adv/00.unity3d","cf_adv_00_00","Stand_01_00","adv/motion/iklist/00.unity3d","cf_adv_00_00"
"ベース02","adv/motion/controller/adv/00.unity3d","cf_adv_00_00","Stand_02_00","adv/motion/iklist/00.unity3d","cf_adv_00_00"
"ベース03","adv/motion/controller/adv/00.unity3d","cf_adv_00_00","Stand_03_00","adv/motion/iklist/00.unity3d","cf_adv_00_00"
"ベース04","adv/motion/controller/adv/00.unity3d","cf_adv_00_00","Stand_04_00","adv/motion/iklist/00.unity3d","cf_adv_00_00"
"ベース05","adv/motion/controller/adv/00.unity3d","cf_adv_00_00","Stand_05_00","adv/motion/iklist/00.unity3d","cf_adv_00_00"
"ベース06","adv/motion/controller/adv/00.unity3d","cf_adv_00_00","Stand_06_00","adv/motion/iklist/00.unity3d","cf_adv_00_00"
"ベース07","adv/motion/controller/adv/00.unity3d","cf_adv_00_00","Stand_07_00","adv/motion/iklist/00.unity3d","cf_adv_00_00"
"ベース08","adv/motion/controller/adv/00.unity3d","cf_adv_00_00","Stand_08_00","adv/motion/iklist/00.unity3d","cf_adv_00_00"
"ベース09","adv/motion/controller/adv/00.unity3d","cf_adv_00_00","Stand_09_00","adv/motion/iklist/00.unity3d","cf_adv_00_00"
"ベース10","adv/motion/controller/adv/00.unity3d","cf_adv_00_00","Stand_10_00","adv/motion/iklist/00.unity3d","cf_adv_00_00"
"ベース11","adv/motion/controller/adv/00.unity3d","cf_adv_00_00","Stand_11_00","adv/motion/iklist/00.unity3d","cf_adv_00_00"
"ベース12","adv/motion/controller/adv/00.unity3d","cf_adv_00_00","Stand_12_00","adv/motion/iklist/00.unity3d","cf_adv_00_00"
"ベース13","adv/motion/controller/adv/00.unity3d","cf_adv_00_00","Stand_13_00","adv/motion/iklist/00.unity3d","cf_adv_00_00"
"ベース14","adv/motion/controller/adv/00.unity3d","cf_adv_00_00","Stand_14_00","adv/motion/iklist/00.unity3d","cf_adv_00_00"
"ベース15","adv/motion/controller/adv/00.unity3d","cf_adv_00_00","Stand_15_00","adv/motion/iklist/00.unity3d","cf_adv_00_00"
"ベース16","adv/motion/controller/adv/00.unity3d","cf_adv_00_00","Stand_16_00","adv/motion/iklist/00.unity3d","cf_adv_00_00"
"ベース17","adv/motion/controller/adv/00.unity3d","cf_adv_00_00","Stand_17_00","adv/motion/iklist/00.unity3d","cf_adv_00_00"
"ベース18","adv/motion/controller/adv/00.unity3d","cf_adv_00_00","Stand_18_00","adv/motion/iklist/00.unity3d","cf_adv_00_00"
"ベース19","adv/motion/controller/adv/00.unity3d","cf_adv_00_00","Stand_19_00","adv/motion/iklist/00.unity3d","cf_adv_00_00"
"ベース20","adv/motion/controller/adv/00.unity3d","cf_adv_00_00","Stand_20_00","adv/motion/iklist/00.unity3d","cf_adv_00_00"
"ベース21","adv/motion/controller/adv/00.unity3d","cf_adv_00_00","Stand_21_00","adv/motion/iklist/00.unity3d","cf_adv_00_00"
"ベース22","adv/motion/controller/adv/00.unity3d","cf_adv_00_00","Stand_22_00","adv/motion/iklist/00.unity3d","cf_adv_00_00"
"ベース23","adv/motion/controller/adv/00.unity3d","cf_adv_00_00","Stand_23_00","adv/motion/iklist/00.unity3d","cf_adv_00_00"
"ベース24","adv/motion/controller/adv/00.unity3d","cf_adv_00_00","Stand_24_00","adv/motion/iklist/00.unity3d","cf_adv_00_00"
"ベース25","adv/motion/controller/adv/00.unity3d","cf_adv_00_00","Stand_25_00","adv/motion/iklist/00.unity3d","cf_adv_00_00"
"ベース26","adv/motion/controller/adv/00.unity3d","cf_adv_00_00","Stand_26_00","adv/motion/iklist/00.unity3d","cf_adv_00_00"
"ベース27","adv/motion/controller/adv/00.unity3d","cf_adv_00_00","Stand_27_00","adv/motion/iklist/00.unity3d","cf_adv_00_00"
"ベース28","adv/motion/controller/adv/00.unity3d","cf_adv_00_00","Stand_28_00","adv/motion/iklist/00.unity3d","cf_adv_00_00"
"ベース29","adv/motion/controller/adv/00.unity3d","cf_adv_00_00","Stand_29_00","adv/motion/iklist/00.unity3d","cf_adv_00_00"
"喜00","adv/motion/controller/adv/00.unity3d","cf_adv_00_00","Stand_Joy_00","adv/motion/iklist/00.unity3d","cf_adv_00_00"
"喜01","adv/motion/controller/adv/00.unity3d","cf_adv_00_00","Stand_Joy_01","adv/motion/iklist/00.unity3d","cf_adv_00_00"
"喜02","adv/motion/controller/adv/00.unity3d","cf_adv_00_00","Stand_Joy_02","adv/motion/iklist/00.unity3d","cf_adv_00_00"
"喜03","adv/motion/controller/adv/00.unity3d","cf_adv_00_00","Stand_Joy_03","adv/motion/iklist/00.unity3d","cf_adv_00_00"
"喜04","adv/motion/controller/adv/00.unity3d","cf_adv_00_00","Stand_Joy_04","adv/motion/iklist/00.unity3d","cf_adv_00_00"
"喜05","adv/motion/controller/adv/00.unity3d","cf_adv_00_00","Stand_Joy_05","adv/motion/iklist/00.unity3d","cf_adv_00_00"
"喜06","adv/motion/controller/adv/00.unity3d","cf_adv_00_00","Stand_Joy_06","adv/motion/iklist/00.unity3d","cf_adv_00_00"
"喜07","adv/motion/controller/adv/00.unity3d","cf_adv_00_00","Stand_Joy_07","adv/motion/iklist/00.unity3d","cf_adv_00_00"
"喜08","adv/motion/controller/adv/00.unity3d","cf_adv_00_00","Stand_Joy_08","adv/motion/iklist/00.unity3d","cf_adv_00_00"
"喜09","adv/motion/controller/adv/00.unity3d","cf_adv_00_00","Stand_Joy_09","adv/motion/iklist/00.unity3d","cf_adv_00_00"
"怒00","adv/motion/controller/adv/00.unity3d","cf_adv_00_00","Stand_Ang_00","adv/motion/iklist/00.unity3d","cf_adv_00_00"
"怒01","adv/motion/controller/adv/00.unity3d","cf_adv_00_00","Stand_Ang_01","adv/motion/iklist/00.unity3d","cf_adv_00_00"
"怒02","adv/motion/controller/adv/00.unity3d","cf_adv_00_00","Stand_Ang_02","adv/motion/iklist/00.unity3d","cf_adv_00_00"
"怒03","adv/motion/controller/adv/00.unity3d","cf_adv_00_00","Stand_Ang_03","adv/motion/iklist/00.unity3d","cf_adv_00_00"
"怒04","adv/motion/controller/adv/00.unity3d","cf_adv_00_00","Stand_Ang_04","adv/motion/iklist/00.unity3d","cf_adv_00_00"
"怒05","adv/motion/controller/adv/00.unity3d","cf_adv_00_00","Stand_Ang_05","adv/motion/iklist/00.unity3d","cf_adv_00_00"
"怒06","adv/motion/controller/adv/00.unity3d","cf_adv_00_00","Stand_Ang_06","adv/motion/iklist/00.unity3d","cf_adv_00_00"
"怒07","adv/motion/controller/adv/00.unity3d","cf_adv_00_00","Stand_Ang_07","adv/motion/iklist/00.unity3d","cf_adv_00_00"
"怒08","adv/motion/controller/adv/00.unity3d","cf_adv_00_00","Stand_Ang_08","adv/motion/iklist/00.unity3d","cf_adv_00_00"
"怒09","adv/motion/controller/adv/00.unity3d","cf_adv_00_00","Stand_Ang_09","adv/motion/iklist/00.unity3d","cf_adv_00_00"
"哀00","adv/motion/controller/adv/00.unity3d","cf_adv_00_00","Stand_Sat_00","adv/motion/iklist/00.unity3d","cf_adv_00_00"
"哀01","adv/motion/controller/adv/00.unity3d","cf_adv_00_00","Stand_Sat_01","adv/motion/iklist/00.unity3d","cf_adv_00_00"
"哀02","adv/motion/controller/adv/00.unity3d","cf_adv_00_00","Stand_Sat_02","adv/motion/iklist/00.unity3d","cf_adv_00_00"
"哀03","adv/motion/controller/adv/00.unity3d","cf_adv_00_00","Stand_Sat_03","adv/motion/iklist/00.unity3d","cf_adv_00_00"
"哀04","adv/motion/controller/adv/00.unity3d","cf_adv_00_00","Stand_Sat_04","adv/motion/iklist/00.unity3d","cf_adv_00_00"
"哀05","adv/motion/controller/adv/00.unity3d","cf_adv_00_00","Stand_Sat_05","adv/motion/iklist/00.unity3d","cf_adv_00_00"
"哀06","adv/motion/controller/adv/00.unity3d","cf_adv_00_00","Stand_Sat_06","adv/motion/iklist/00.unity3d","cf_adv_00_00"
"哀07","adv/motion/controller/adv/00.unity3d","cf_adv_00_00","Stand_Sat_07","adv/motion/iklist/00.unity3d","cf_adv_00_00"
"哀08","adv/motion/controller/adv/00.unity3d","cf_adv_00_00","Stand_Sat_08","adv/motion/iklist/00.unity3d","cf_adv_00_00"
"哀09","adv/motion/controller/adv/00.unity3d","cf_adv_00_00","Stand_Sat_09","adv/motion/iklist/00.unity3d","cf_adv_00_00"
"恥00","adv/motion/controller/adv/00.unity3d","cf_adv_00_00","Stand_Oth_00","adv/motion/iklist/00.unity3d","cf_adv_00_00"
"驚00","adv/motion/controller/adv/00.unity3d","cf_adv_00_00","Stand_Oth_01","adv/motion/iklist/00.unity3d","cf_adv_00_00"
"恥01","adv/motion/controller/adv/00.unity3d","cf_adv_00_00","Stand_Oth_02","adv/motion/iklist/00.unity3d","cf_adv_00_00"
"他00","adv/motion/controller/adv/00.unity3d","cf_adv_00_00","Stand_Oth_03","adv/motion/iklist/00.unity3d","cf_adv_00_00"
"恥02","adv/motion/controller/adv/00.unity3d","cf_adv_00_00","Stand_Oth_04","adv/motion/iklist/00.unity3d","cf_adv_00_00"
"恥03","adv/motion/controller/adv/00.unity3d","cf_adv_00_00","Stand_Oth_05","adv/motion/iklist/00.unity3d","cf_adv_00_00"
"恥04","adv/motion/controller/adv/00.unity3d","cf_adv_00_00","Stand_Oth_06","adv/motion/iklist/00.unity3d","cf_adv_00_00"
"他01","adv/motion/controller/adv/00.unity3d","cf_adv_00_00","Stand_Oth_07","adv/motion/iklist/00.unity3d","cf_adv_00_00"
"驚01","adv/motion/controller/adv/00.unity3d","cf_adv_00_00","Stand_Oth_08","adv/motion/iklist/00.unity3d","cf_adv_00_00"
"他02","adv/motion/controller/adv/00.unity3d","cf_adv_00_00","Stand_Oth_09","adv/motion/iklist/00.unity3d","cf_adv_00_00"
"恥ずかしがる1","adv/motion/controller/adv/00.unity3d","cf_adv_00_00","f_reaction_00_00","adv/motion/iklist/00.unity3d","cf_adv_00_00"
"恥ずかしがる2","adv/motion/controller/adv/00.unity3d","cf_adv_00_00","f_reaction_00_01","adv/motion/iklist/00.unity3d","cf_adv_00_00"
"恥ずかしがる3","adv/motion/controller/adv/00.unity3d","cf_adv_00_00","f_reaction_00_02","adv/motion/iklist/00.unity3d","cf_adv_00_00"
"顔を見られ隠す","adv/motion/controller/adv/00.unity3d","cf_adv_00_00","f_reaction_00_03","adv/motion/iklist/00.unity3d","cf_adv_00_00"
"胸を見られ恥ずかしがる","adv/motion/controller/adv/00.unity3d","cf_adv_00_00","f_reaction_00_04","adv/motion/iklist/00.unity3d","cf_adv_00_00"
"胸を触られ隠す1","adv/motion/controller/adv/00.unity3d","cf_adv_00_00","f_reaction_00_05","adv/motion/iklist/00.unity3d","cf_adv_00_00"
"胸を触られ隠す2","adv/motion/controller/adv/00.unity3d","cf_adv_00_00","f_reaction_00_06","adv/motion/iklist/00.unity3d","cf_adv_00_00"
"胸を触られ隠す3","adv/motion/controller/adv/00.unity3d","cf_adv_00_00","f_reaction_00_07","adv/motion/iklist/00.unity3d","cf_adv_00_00"
"頬を触られ嫌がられる　","adv/motion/controller/adv/00.unity3d","cf_adv_00_00","f_reaction_00_08","adv/motion/iklist/00.unity3d","cf_adv_00_00"
"手を触れられ恥ずかしがる　","adv/motion/controller/adv/00.unity3d","cf_adv_00_00","f_reaction_00_09","adv/motion/iklist/00.unity3d","cf_adv_00_00"
"手を触れられ嫌がられる　","adv/motion/controller/adv/00.unity3d","cf_adv_00_00","f_reaction_00_10","adv/motion/iklist/00.unity3d","cf_adv_00_00"
