0:006,「あのー、コイカツ部の[P姓]って言うんだけど、いま話せるかな」,"""Um, I say [P姓] in the Koi cut section, can I talk now?"""
0:009,「あら、時間ならタップリあるけれど……あなた、私に興味があるの？」,"""Oh, if it's time it's a tap, but ... are you interested in me?"""
0:010,（おお……大人のお姉さんって感じの人だな）,(Oh ... it is a person who feels like an adult 's older sister)
0:011,「うん。仲良くなれたらいいなって思ってるよ」,"""Yeah ... I wish I could get along well."""
0:015,「じゃあ、私の身体と私の心、どっちと仲良くなりたいか選んでくれる？」,"""Well, will you choose between my body and my heart, which one you want to get along?"""
0:016,「ええっ！？　いや、その……」,"""Well, that ... ...."""
0:019,「クスッ、冗談よ。何か楽しいお話しをしましょ。時間の許す限り、ね？」,"""Just kidding, let's talk about something fun, as far as time allows, right?"""
0:020,（フェ、フェロモンが半端じゃない。一体、どんな話ができるんだろう）,"(Fee, pheromones are not half-ended, what kind of stories can we have?)"
10:008,「あら、私でいいの？　あそこにいる子の方が可愛いわよ」,"""Oh, is it okay for me? The child who is over there is cute."""
10:009,「今は他の子じゃなくて、[H名]さんに入ってもらいたいんだ」,"""I do not want other children now, I would like [H名] to join us."""
10:012,「そうね……あ、嫌ってわけじゃないの。ただ、私みたいなのが恋愛活動って似合わなくない？」,"""Well ... Oh, I do not want to dislike, but is not it like a romantic activity like me?"""
10:013,「そんなことないよ。[H名]さんって女の子として魅力的だし、かなり向いてると思うんだけど……」,"""There is nothing like that, [H名] is attractive as a girl and I think it's going well, but ..."""
10:017,「ふふ、そこまで褒めてもらったら、入らないわけにはいかないじゃない。私もコイカツ部に入れてくれる？」,"""Hehe, if you get praised so far, you can not stop entering it, can I also put it in the carpet club?"""
10:018,「もちろん！　入ってくれて嬉しいよ！」,"""Of course! It's nice to be in!"""
10:021,「くすっ、不束者だけど、よろしくね」,"""It's rubbing, I'm a bad guy, but thanks,"""
11:008,「ねえ、あなたは……今でも私のことを大人っぽいって思ってる？」,"""Hey, you ... are you still thinking of me as an adult?"""
11:009,「え？　うん、そりゃ……」,"""Well, that's right ..."""
11:013,「そう……なら、謝らなくちゃね。あなたの理想にはなれそうもないし」,"""Well ... you should apologize if that's the case ... I do not think you can become your ideal."""
11:014,「それってどういう……」,"""What is that ... ...."""
11:017,「もうあなたとはお付き合いできないって意味。ごめんね、大人の女って急に人を突き放すの。それじゃあね」,"""I mean I can not associate with you anymore. Sorry, an adult woman suddenly unleashes a person."
12:008,「あら、私とエッチしたいの？」,"""Oh my, would you like to do it with me?"""
12:009,「う、うん」,"""No"""
12:012,「ふふふ、どうして？」,"""Hehuu, why?"""
12:013,「ど、どうしてって……えっと」,"""Why, why ... um ..."""
12:014,「[H名]さんの色っぽかったり大人っぽかったりするところ以外にも、可愛い姿とか知って……」,"""In addition to Mr. [H名]'s stuffiness and mature adults, know how cute it is ..."""
12:015,「そうしたらリアルな魅力がいっぱい見えてきて、歳の近い女の子なんだなぁって思って、だんだん身近な存在になって――」,"""Then, when I realized that a lot of real charm, I thought it was a girl of age close, I gradually became familiar -"""
12:019,「もういいわ。後はなんとなく察したから、エッチしましょ」,"""Alright, I guessed afterwards, so let's make a mistake."""
12:020,「もしかして、照れてる？」,"""Maybe, are you embarrassed?"""
12:023,「そういうのは本人に聞かないで、照れてるのに澄ましたフリしてるの可愛いなぁって心の中で思うものなの」,"""I do not listen to them, they are pretentious though they're embarrassed, they are pretty cute in my mind"""
12:024,（あはは、照れるのはキャラじゃないって思ってるんだろうな、可愛いなぁ）,"(Oh, I guess you are not a character being embarrassed, I guess it's cute)"
12:028,「くす。場も温まってきたし、次に温めるのはお互いの身体と心、よね？」,"""The ground is getting warmer and the next thing that warms up is the body and the heart of each other, is not it?"""
13:007,「ふふ、誘ってくれて嬉しいわ」,"""Hehe, I'm glad you invited me"""
13:008,「俺なりに大人っぽいデートができるように頑張るからね」,"""Because I will do my best to be a matured date for myself"""
13:011,「ええ、期待してる。あなたの大人な一面、私にみせてね？」,"""Yes, I'm expecting you, please show me your adults side?"""
14:033,「あら、目が覚めた？　……そうよ、あなたの寝顔をずっと見てたの」,"""Oh, did you wake up? ... That's right, I've been watching your sleeping face for a long time"""
14:035,「無防備で可愛かったわよ。昨日ケダモノみたいに私の身体を貪った人とは思えないぐらい」,"""It was defenseless and cute, I could hardly think he was the one who grew my body like Kedamono yesterday."""
15:012,「あら、シャワーの音で起こしちゃった？　もうちょっと寝かせてあげたかったんだけど……」,"""Oh, did you wake me up with the sound of a shower? I wanted to let you sleep for a while ..."""
15:016,「うふふ、私の湯上り姿ですっかり目がさめちゃったみたいね」,"""Uhufu, I seemed to have quite awoke in my bathing appearance"""
16:029,（んぅ……なんだか下半身がすごい吸われてるような……）,(Huh ... it seems that the lower half body is sucking a bit ... ...)
16:033,「って、[H名]さんっ！？」,"""Well, [H名] san !?"""
16:040,「ふふ、お寝坊さんね。こっちのアナタは随分早くから起きて、オネダリしてたわよ？」,"""Huhu, you sleepy boy, this awesome awoke from so early and it was onundated."""
17:008,「んーっ、よく寝た。……あれ？　メモがある。なになに――」,"""Well, I slept well ... ... There is a memo ... What?"""
17:010,『おはよう。昨日はたくさん愛してくれてありがと。頭が真っ白になって、あなたのことしか考えられなかったわ』,"""Good morning. Thank you for loving me so much yesterday. My head turned white, I thought about you only. """
17:012,『まだ身体がムラムラしてて早めに目がさめたの。だからご飯と置き手紙を用意しておいたわ』,"""I still woke up early as my body was scrambling. That's why I prepared rice and a letter for me. """
17:014,『それでも時間が余って、そのまま襲っちゃいそうだったから先に学園に行ってるわ。またね　[H名]』,"""Nevertheless, I was going to school earlier because it seemed that I was going to hit as it was with time. See you [H名] """
17:015,「おぉ、名前の横に[H名]さんのキスマークがついてる……またムラムラしてきた……」,"""Oh, [H名]'s kiss mark is next to the name ... ... And I've been feeling horny again ..."""
18:009,「おはよ。今日も元気？　ふふふ」,"""Good morning. Are you doing well today?"""
19:009,「あら、今来たの？　私もよ」,"""Oh, are you coming now?"""
1:006,「[H名]さん、今いいかな」,"""[H名], are you okay now?"""
1:008,「あら、いきなり名前で呼んでくれるの？　あなたには前から興味があったから嬉しいわ」,"""Oh, are you suddenly calling me by name? I am glad you had interest from before"""
1:009,「前から興味があったの？　じゃ、今からちょっと話さない？」,"""Did you have an interest from before, do not talk a little bit from now?"""
1:013,「ええ、いいわよ」,"""Well, OK."""
1:014,「よかった、それじゃ……」,"""Okay, that's right ..."""
20:009,「おはよ。本当はおはようのキスをしてほしいけど、こんなところでしたら嫉妬の嵐よね」,"""Good morning. I really want you to kiss good morning, but if it's such a place it's a storm of jealousy"""
21:009,「あら、おはよ。昨日、濡れ場のある洋画がやってたのよ。知ってた？」,"""Oh, good morning. Yesterday, a foreign movie with a wet place was doing it."""
21:010,「えっ、知らなかった……」,"""Well, I did not know ..."""
21:014,「ふふふ、けっこう激しかったのよ？　あらすじを教えてあげるから、教室まで一緒に行きましょ」,"""Hehe he was pretty intense, I will tell you the story, so let's go to the classroom together"""
22:006,「ねえ、調理実習で作ったケーキがあるんだけど、もしよかったら食べてくれない？」,"""Hey, there is a cake made in cooking practice, if you do not mind, would you like to eat it?"""
22:009,「いつも楽しくお話してくれるでしょ？　そのお礼みたいなものだから、あまり気にしないでね」,"""You always talk happily, do not you worry too much because it is like that thank you?"""
23:006,「あ、ねえ、さっき家庭科の授業で作ったお菓子があるんだけど、作りすぎちゃって……」,"""Ah, hey, there are sweets made by home economics lesson, but I made it too much ..."""
23:009,「待って、言い間違えたわ。あなたのために作ってきたの、よかったら食べてね、ふふふ」,"""I waited and made a mistake, I made it for you, please eat it if it's okay, Huhuhu"""
24:006,「やっと見つけた。ほら、さっき家庭科でクッキー作ったの。レシピ通りだから味もいいわよ」,"""Finally I found it, I made cookies at home economics earlier, as it is a recipe, it's also good taste."""
24:010,「……手作りのプレゼントなんて私らしくないかもしれないけど、たまには悪くないでしょ？　ふふふ」,"""... ... handmade gifts may not be me, but occasionally not bad, huh?"""
25:006,「私にプレゼント？　そんな気を遣ってもらうような女じゃないけど、嬉しいわ」,"""It is a gift for me, it's not like a woman like that, but I'm happy."""
26:006,「ふふふ、何かしら」,"""Hehehe, whatever"""
27:006,「あら、何かお返しをしなくちゃね。プレゼント次第でエッチなことも……なんて」,"""Oh, I have to give you something back, depending on the presents it's horny ... ... why?"""
28:006,「私の好み、知ってたの？　うふふ、大切にするわ」,"""Did you know my taste, hehe, you cherish"""
29:006,「やっぱりコイカツ部の部長さんはプレゼント選びのセンスがいいわね。ありがと」,"""After all, the manager of the Koikatsu Department will have a good sense of selecting gifts. Thank you."""
2:008,「なんだか、私とあなたって相性がとってもいい気がするわ」,"""Somehow, I feel like compatibility with you"""
2:009,「本当？　そう思ってたのって俺だけじゃなかったんだ、嬉しいなぁ」,"""True, it was not only me that I thought so, I'm happy."""
2:012,「……ね、そういうところがいいの」,"""... ..., that kind of place is good"""
2:013,「え？」,"""Huh?"""
2:017,「そういう、私との関係を心から楽しんでくれているところ、好きよ」,"""I like it, I enjoy it from the bottom of my heart."""
2:018,「す、好きって……どういう意味？」,"""Yes, I like ... ... What do you mean?"""
2:021,「ふふ、コイカツ部の忙しい部長さん次第よ。それじゃまた今度ね」,"""Hehuu, it depends on the busy department manager of the Koikatsu Department."
30:006,「……何も言ってないのに、私の欲しいものが分かっちゃうのね。もしかしたら、その事実が一番のプレゼントかもしれないわ、ありがと」,"""... ... I do not say anything, I know what I want, perhaps that fact may be the best present, thanks."""
31:006,「あら、よく私の嫌いなものが分かったわね。ふふふ、そこに驚きよ」,"""Oh, well I knew what I dislike."" Huhuu, surprised there, """
32:006,「ふふ、あなたのセンスって一周回っちゃってるわね」,"""Huhu, your sense is spinning around,"""
33:006,「え？　ふ、ふふふ♪　もう、仮にも彼氏なんだからもっと頑張って。最悪のプレゼントよ、これ。ふふふ」,"""Huh, heh heh ufufu ♪ Temporarily it is my boyfriend, so please work harder, the worst gift, this."""
34:006,「ふふ、うれしいわ。でも、あまり気を遣いすぎないでね」,"""Hehe, I'm happy, but do not take too much care."""
3:007,「ええ、もちろん。男の子と並んで帰るなんて、ちょっとドキドキするわ」,"""Well, of course, it's a little excitement to go back alongside the boy."""
3:008,「[H名]さんもそう思うんだね」,"""[H名] thinks so, right?"""
3:011,「ふふ、私だって一人の女よ？　それじゃあ、仕度をしてくるわね」,"""Huhuu, I am a single girl, then, I will arrange for you"""
41:006,「あら、言ってくれれば見せるのに……なんて、覗くのが醍醐味なのよね？　勿論、バレたら追い出されるのも醍醐味でしょ？　ふふふ」,"""Oh, if you tell me it would show off if you told me .... it's the real pleasure of peeking in, right? Of course, being flushed out is also the real pleasure, is not it?"
42:006,「……こういことをするのは、男の性なのかしら？」,"""... ... Is it sex of men to do such things?"""
43:006,「うふふ。ずっと気づいてたけど、しばらく見せつけちゃったわ。女の子の神秘を堪能できた？」,"""Uhufu ... I have noticed it for a while, have shown you for a while, have you been able to enjoy the mystery of a girl?"""
44:008,「へえ、色々あるんだね」,"""Oh, there are many things,"""
44:011,「気になってるミニシアターがあるんだけど、覗いてもいい？」,"""There is a mini theater that is worrisome, can I peek?"""
44:012,「うん、いいよ」,"""yep, OK"""
44:018,「いいラインナップだったわ。雰囲気も良くてデートにはぴったりね」,"""It was a good lineup, the atmosphere is good and it's perfect for a date."""
44:019,（よかった、喜んでもらえたみたいだ）,"(I'm glad, you seem to be pleased)"
45:007,「何だか、終わった後の方が恥ずかしいわ。ばつが悪いというか……私のイメージが崩れなかった？」,"""Somehow, it's embarrassing who is after the end.It's bad thing ... Is not my image distorted?"""
45:008,「そんなことないよ。初めてなのに、すごくエッチだったよ[H名]さん」,"""Not at all, even though it was my first time, it was really horny [H名]"""
45:011,「そう。別に着飾ってるつもりはないんだけど、イメージと違ったって言われて離れてく友達もいたの」,"""Yeah ... I do not mean to decorate it separately, but my friends have been told that it is different from the image,"""
45:012,「俺は素のままの[H名]さんが見られて嬉しかったよ。もっと見たいと思ったし」,"""I was glad to see Mr. [H名] as it is, I wanted to see more."""
45:016,「ええ、あなたの前ではいつも等身大の私でいられるの。これからもそういう関係でいていいのよね、ふふ」,"""Yes, you can be my life-sized me always in front of you, you can stay in that relationship from now on, Fuhu"""
46:007,「くすっ、まだ身体が火照ってるわ……あなたって本当にエッチが上手なのね」,"""Kusuto, the body is still burning ... ... you are really good at your etiquette,"""
46:008,「[H名]さんが魅力的だからだよ」,"""Because [H名] is attractive"""
46:012,「魅力的なだけじゃなくて、エッチも上手になるわ。それまで見守っててね」,"""It's not only attractive, but also clever, let's watch over it until then"""
47:007,「あなたの好きなプレイが少しずつわかってきたわ、ふふふ」,"""I understand your favorite play little by little, Huhuhu"""
48:007,「次はもっと溶け合いましょ？　アソコがおかしくなっちゃうぐらいに……うふふ」,"""Let's melt more next? Approximately enough to become strange ... ... Uufu"""
49:007,「ン……はぁ、すごく激しかったわね。頭の中が何度も真っ白になって……ふふふ、たくさん泣かされちゃったわ」,"""... Hey, it was pretty intense, the inside of my head has turned white many times ...... Huhuu, I got crying a lot."""
4:007,「あなたと一緒にお勉強ね……」,"""I study together with you ... ..."""
4:008,「だめかな？」,"""Is this wrong?"""
4:012,「ううん、大歓迎。それじゃあ、手とり足とり教えてもらおうかしら」,"""No, it's a big welcome. Well then, let me tell you what to do with hand-to-mouth footage"""
50:007,「そういえばこの前、別の友達に“最近エロいね”って言われちゃったの」,"""Oh, by the way, I told another friend that I am erotic recently"""
50:010,「あなたとエッチすればするほどあなた色に染まる感じ、ぞくぞくしちゃう、ふふふ」,"""The more you etch with you you feel dyed in your color, thrilled, Huhuhu"""
51:007,「ふふ、お疲れ様」,"""Hehe, cheers for good work"""
52:007,「次は私の深いところまで潜ってね？」,"""Dive next to me deep?"""
53:007,「あら……次はあなたの方が気持ち良くなれるように頑張るわね」,"""Oh ... ... Next time I will do my best to make you feel more comfortable"""
54:007,「ふふふ、変態プレイをしたいっていう妄想は叶った？」,"""Hehehe, the obsession such as wanting to play pervert play has come true?"""
55:007,「とても刺激的だったわね……次はいつする？」,"""It was very exciting .... When would you next?"""
56:008,「……そう、あなたが決めたことなら仕方がないわね」,"""... Yes, there is no choice if things you decided"""
56:009,「ごめん……」,"""sorry……"""
56:013,「謝らないで。自慢じゃないけど諦めることだけは得意なの。あなたのことは綺麗さっぱり忘れるわ」,"""Do not apologize, I am not proud but I am good at giving up, I will forget about you as much as you can."""
56:014,「……」,"""... ...."""
56:017,「やっぱりコイカツ部の部長って大変ね。別れるときまで相手に気を遣って……」,"""After all it is difficult for the director of the Koikatsu Department, please care about your opponent until we break up ..."""
56:020,「こんな女にネチネチ言われたり、未練たらしくされるのは嫌でしょ？　だからお別れもカラッとしましょ」,"""I'm told that such a woman is nether, or I do not want to be taken to be premature, so let's have farewell again."""
56:023,「それじゃあね、楽しかったわ」,"""Well, that was fun,"""
57:009,「よし１５分前に到着……って、[H名]さん！？　いつからいたの！？」,"""Arrive 15 minutes ago ... Well, [H名] !?"" when were you !? """
57:012,「私も今来たところよ。先にチケットを取りに行ったら、意外と時間が余っちゃって」,"""I'm just coming now. If I go to get a ticket first, I have more time left unexpectedly"""
57:013,「そうだったんだね、ありがとう」,"""That was right, thank you."""
57:014,「今日観るのは、[H名]さんおススメの映画なんだよね？　楽しみだなぁ」,"""What I see today is a movie recommended by [H名], is not it? I am looking forward to it"""
57:018,「ふふ、あなたの肌に合う映画だといいけど……上映までもう少しかかるから、その辺をぶらぶらしましょ」,"""Huhu, I hope it will be a movie that fits your skin, but ... it will take a little longer before the screening, so let's hang around there."""
57:023,「映画、すごく昔のって言ってたけど面白かったぁ。ミニシアターの雰囲気も良かったし、また行きたいな」,"""I said that it was a long time ago but the atmosphere of the mini theater was also good and I want to go again"""
57:025,「本当？　支配人にリバイバルを頼んだ甲斐があったわ。昔からの知り合いなの」,"""It was worthwhile to ask the manager to revival, it is true, it is a acquaintance from long ago."""
57:026,「えっ？　頼んだって……わざわざ、今日のために？」,"'I'm asking you ...... Well you bother, why for today? '"
57:030,「私のことをあなたにもっと知ってもらいたくて……迷惑だった？」,"""I wanted you to know more about me ... was it annoying?"""
57:031,「迷惑なんて……嬉しいよ！」,"""Nuisance ... ... I'm happy!"""
57:035,「うふふ、よかった。あなたとの初デートだから、私の一番好きな映画を観てほしかったの」,"""Uhufu, I'm glad, it was my first date with you, so I wanted you to watch my favorite movie"""
57:036,「主人公の刑事を翻弄する女怪盗さ、何枚も上手のお姉さんって感じで、[H名]さんに似てたよね」,"""A female thief who topples the criminal character of the hero, like many elderly sisters, it looked like [H名], right?"""
57:040,「くす、私が似てるのよ。小さい頃に観てから、ずっと憧れの女性像なの」,"""Kusu, I look alike, since I watched it as a child, it is a longing adorable female figure."""
57:042,「女の武器は何でも使う、ズルくてエッチな女怪盗。でも、主人公の刑事に恋をして、わざとミスをする乙女心がいいのよ」,"""A woman's weapon is anything you use, a sloppy and slutty female thief, but I love the criminal of the hero and a girl who makes a mistake on purpose is good."""
57:043,（そっか……だから[H名]さんは、こんなに色っぽいんだな）,(Oh ... so [H名] is so sexy like this)
57:051,「今日は楽しかったわ。付き合ってくれてありがと」,"""Today was fun. Thank you for being involved."""
57:052,「こちらこそ。[H名]さんのオリジンっていうのかな。そういうのが知れてよかった」,"""Well, this is the origin of [H名], I wish I could know that kind of thing"""
57:055,「くすっ。よかったって言われて私もよかったって思ったの、初めてよ。それじゃ、またね」,"""I thought that I was also nice if I told you that I was nice, then for the first time, then again."""
58:009,「時間ぴったりだね。今日はどうしようか」,"""Perfect for the time. What should I do today?"""
58:012,「うふふ、ちょっと行きたいお店があるの。付き合ってくれる？」,"""Uhufu, there are stores that I want to go for a while. Can you go out with me?"""
58:017,（下着屋さんに連れ込まれてしまった……）,(I was brought to the underwear shop ... ...)
58:019,「どっちが似合う？　女の子らしいピンクもいいけど、扇情的な赤も捨てがたいと思うの」,"""Which suits you? I like a girl-like pink, but I think that sensational red is also hard to throw away."""
58:020,「ゴクリ……こ、こっちの、紫のは？」,"""Gokuri ... ... where is this, purple?"""
59:009,「もし私たちがカップルだったら、今日はお泊りだったでしょうね」,"""If we were a couple, we would have stayed today."""
59:010,（え……！）,(Huh……!)
59:014,「それぐらい盛り上がったじゃない？　でもまだお友達だし、今日は帰るわ。またデートしましょうね、ふふふ」,"""It's been so exciting, but I am still a friend of mine and I will return today. Let's go on a date again, Huhu."""
5:007,「最近、お腹のお肉が気になっていたから、ちょうどいいわ」,"""Recently, I was concerned about meat of stomach, so it's fine right now"""
5:008,「お、お腹のお肉？」,"""Oh, my stomach?"""
5:011,「ふふ、可愛い反応ね。ほら、さっそく始めましょう」,"""Hehe, you respond cute. See, let's get started."""
60:009,「今日はずっとお喋りできて楽しかったわ。また学園で会いましょ」,"""I enjoyed talking for a long time today and I will see you at the school again."""
61:010,「遅れてごめんなさい、準備に手間取っちゃって……」,"""I'm sorry I was delayed, I took time to prepare ... ...."""
61:011,「大丈夫だよ。頑張って準備してくれた[H名]さんと歩けた方が嬉しいからね」,"""It's okay, because I'm glad that I could walk with [H名] who worked hard and prepared."""
61:017,「……ねえ、今日はあそこに入ってみない？」,"""... Hey, are you going to go over there today?"""
61:018,「え、でも大丈夫かな、俺たち学生だし……」,"""Well, but it's okay, we are students ... ...."""
61:021,「もしかしたら入口で止められるかもね。でも、入れた後のことを想像してみて？」,"""Perhaps it may be stopped at the entrance, but imagine what happened after entering it?"""
61:022,「ゴクリ……よ、よし、行ってみよう」,"""Gokuri ... OK, let's go,"""
61:026,「ふふ、別に犯罪じゃないんだから堂々としていれば大丈夫よ」,"""Hehe, it's not a crime, so it's okay if you are dignified."""
61:033,「今日は一日中ドキドキだったわね。また行きましょうね」,"""Today I was excited all day. Let's go again."""
61:037,「もう少し一緒にいたいな」,"""I want to be with you for a while."""
61:041,「……ええ、私も同じ気持ちよ」,"""... ... Yeah, I feel the same way"""
61:050,「うん、また行こう。それじゃあね」,"""Well, let's go again."
61:053,「ええ、また学園でね」,"""Yes, at the school again"""
62:022,「それでね……あら、もう着いちゃった。今日はここまでね」,"""That's right ... oh, I've already arrived, so far today."""
62:026,「……この後、家にこれないかな？　まだ[H名]さんと一緒にいたい」,"""... ... After this I can not come home, I still want to stay with [H名]"""
62:030,「ええ、私もそう思ってたわ……自分との時間を名残惜しんでくれる人がいるって幸せよね、ふふふ」,"""Well, I thought so ... ... I am happy that there are people who do not miss the time with myself, huhu."""
62:039,「そうだね、ばいばい」,"""Yeah, yes yes"""
62:042,「ええ、またね」,"""Well, see you later"""
63:012,「あら、素敵な部屋じゃない」,"""Oh, it's a nice room"""
63:013,「あはは、[H名]さんに褒めてもらえる自信はないよ」,"""Haha, I do not have confidence that [H名] will be praised"""
63:016,「自信がない？　男の子の一人暮らしなのにエッチな漫画とかAVがないってこと？」,"""I am not confident? Is it a boy's living alone? Is not it horny cartoon or AV?"""
63:017,「え？　いや、それはあるけど……」,"""Well, no, it is ... but ..."""
63:021,「だから素敵な部屋って言ったのよ。あなたさえよければ、AV鑑賞会でもしましょ？　ふふふ」,"""That's why I said that it's a nice room, if you do not mind, do it at the AV appreciation party?"
63:022,「ゴクリ……そ、それもいいけど……[H名]さんとエッチしたいな。いい？」,"""Gokuri ... ... that, that's fine, though .... I want to make a sex with [H名], are you OK?"""
63:025,「何も聞かないで。彼氏の部屋にあがるって、あなたの好きにしてっていう合図なんだから」,"""Do not listen to anything and it's a sign to let your boyfriend go to your room as you like."""
64:011,「おじゃまします……くんくん、はぁ……相変わらずあなたのにおいでいっぱいね」,"""I'm sorry .... Kunkan, huh ... ... as usual there are lots of your smells"""
64:015,「あら、前に来たときよりベッドが片付いてるんじゃない？　これってもしかして――ふふ、やっぱりね」,"""Oh, it's not like I got a bed cleaner than when I came before, maybe it was - hehe, after all."""
65:010,「っ、遅くなってごめん……少し頼まれごとを引き受けてたら、長引いちゃって……」,"""Well, I'm sorry ...... If I underwrite a little requested, it will be prolonged ..."""
65:013,「わざわざ走ってきたの？　汗だくじゃない」,"""Did you bother running? It's not sweaty"""
65:014,「う、うん……[H名]さんを、待たせたくなくて……」,"""U, yeah ...... I do not want to wait for [H名] ... ...."""
65:017,「ふふふ、優しいのね……ほら、これで汗を拭いて。少し息を整えてから一緒に帰りましょ」,"""Hehehe, it's kind of you .... Here, wipe the sweat with this. Let's breathe a little and leave together."""
65:018,（うわ……いいにおいのハンカチ……使うのもったいないけど、洗って返そう）,"(Wow .... A handkerchief with a good smell .... Although it is a waste to use, but wash it back and return it)"
66:008,「ねえ……あそこのベンチに座ってるカップル、何してるのかしらね？」,"""Hey ... .... A couple sitting on that bench, what are you doing?"""
66:009,「なにって……？　……っ！？」,"""What? ...? ... ... ...!"""
66:012,「あれ、きっとカバンで隠してるつもり、なのよね？　私たちがするときは気をつけましょ」,"""That surely I'm going to hide it with my bag, right? Wonder when we do it."""
66:013,「え、え？　するときって……気を付けって……」,"""Well, when you do ... ... be careful ..."""
67:007,「そうだ、ティッシュペーパーが切れそうなんだった。あそこの薬局で買っていい？」,"""Yes, the tissue paper is about to expire. Can I buy it over there at the pharmacy?"""
67:010,「あら、コイカツ部の部長ともなるとティッシュの減りも早いのね、ふふふ」,"""Oh, if you also become the director of the Koikatsu Department, the reduction of tissue is also quick, Hehu."""
67:011,「ふ、普通に切れただけだよ……そうだ、[H名]さんも何か必要なものがあったらカゴに入れていいよ」,"""Well, it's just cut off normally ...... That's right, [H名] can put in something if you need something else"""
67:015,「必要なもの……あ……いえ、いいわ」,"""What you need ... ... Ah ...... No, good"""
67:016,（今、あって言ったよな？　珍しいな、[H名]さんが遠慮するなんて）,"(Right now, you said it is rare, [H名] refrains)"
67:017,「薬局に付き合ってもらうお礼みたいなものだし、気にしなくていいよ」,"""It's like a thank you to get involved in a pharmacy and you do not have to worry."""
67:020,「そう？　じゃあ、生理用のナプキンが切れそうだったから、買ってもらうわね、ふふふ」,"""Well then, since the sanitary napkins are about to expire, I will buy it, hehehe"""
67:021,「えっ、あ……き、気づかなくてごめん！」,"""Er, Oh ... okay, sorry I did not notice!"""
68:026,「あ、じゃあ俺、こっちだから」,"""Oh, well then, because I am here."""
68:028,「ええ、楽しかったわ。あなたの都合のいいときでいいから、また一緒に……ね」,"""Yeah, I enjoyed it, because it's good for you at your convenience, together again ..."""
69:011,「じゃあさっそく勉強……ん？　[H名]さん、その筆箱……ペンギン？」,"""Well, studying at once ... [H名], that pencil case ...... penguin?"""
69:014,「え？　ああ、これ？　昔、家族と水族館に行ったときに買ってもらったペンケースなの、ペンギンだけに」,"""Well? Oh, this is a pen case that I bought when I went to aquarium with my family, just for penguins."""
69:015,「じゃあ、そのペンギンのシャーペンも、イルカのクリアファイルも？」,"""Well, is that penguin's sharpen and also the dolphin's clear file?"""
69:018,「ええ。意外とこういう趣味なの。幻滅した？　ふふふ」,"""Yeah ... It's such a hobby unexpectedly, disillusioned?"""
69:019,「そ、そんなことないよ。女の子っぽくていいと思う」,"""Well, that's not true, I think it's okay to be a girl."""
69:020,（大人っぽい人が子どもっぽいものを使ってるのって……なんかドキッとするな）,(It seems that adult-like people are using children-like things ... Do not do something exciting)
6:007,「いいわよ、どこへ連れていってくれるの？」,"""Where are you going to take me?"""
6:008,「まだナイショ」,"""Never yet"""
6:012,「ふぅん。そんな風に言われたら期待しちゃうわよ？　ふふふ」,"""Well, I will expect you to say that in such a way? Huhuhu"""
70:011,「えっと、ここは過去分詞形だから……」,"""Well, this is a past participle ... ..."""
70:014,「辞書、ありがと。いたずらして返しておいたわ」,"""Thank you for your dictionary ... I gave it back to you for mischief"""
70:015,「え……いたずら？　……なんか、見たことない付箋がついてる」,"""Huh ...... Mischief? ...... something, there is a sticky not seen"""
70:016,（……う！　赤エンピツでVaginaに丸がつけられてる！？　こっちのページは……anal！？）,(...... Let's see the red circle on Vagina with red pencils !? Here's the page ...... anal !?)
70:019,「Vaginaが目に入って、我慢できなくなっちゃったの」,"""Vagina got into my eyes and I could not stand it"""
70:020,「発想が小学生だよ！？」,"""The idea is an elementary school student!"""
70:021,（[H名]さん、こんな無邪気になるときもあるんだ……）,"([H名], sometimes it becomes innocent ... ....)"
71:012,「ねえ、ムラムラしてきちゃった」,"""Hey, I've been scrambling"""
71:013,「ま、まだ勉強始めたばっかりだよ」,"""Well, I just started studying yet."""
71:016,「そうよね……じゃあ、足だけでエッチしましょ。こうやって、絡ませるの」,"""Well ... well, let's just do it with your feet, do it like this and get it involved."""
71:017,「うっ、[H名]さん……エッチなお触りは禁止だよ」,"""U, [H名] san ...... Horny touch is forbidden"""
71:021,「勉強熱心な部長さんね。どれぐらい耐えられるかしら……ふふふ」,"""Director of hard work, I wonder how long I can endure ... ... Huhu."""
72:030,「ふふふ、楽しくお勉強できたわね」,"""Hehe he can study fun happily"""
73:030,「これぐらいにしておく？　エッチなお勉強ならもっとできるけどね、ふふふ」,"""Let's keep it for this, if you are studying erotic you can do more, but hehehe"""
74:013,「体育の授業以外で運動するのって久しぶりね……」,"""It's been a long time since you exercised outside physical education lessons ..."""
74:014,「じゃあ、最初は軽くストレッチから始めようか」,"""Well, let's start with a light stretch at first"""
74:020,「いち、に……ンッ……いち、に……ハァ、ストレッチって結構いい運動になるのね」,"""To one, ... ... one way ... ... Hu, stretching is a good exercise, is not it?"""
74:021,（どうしよう。[H名]さんがストレッチしただけで、半勃ち状態になってしまった……）,"(What to do, [H名] just stretched, it got in a half-early state ... ...)"
75:013,「バスケットボールって、ちょっと苦手なのよね。ボールに対してゴールが狭すぎない？」,"""Basketball is a bit weak, is not the goal too narrow for the ball?"""
75:014,「じゃあ、今日はシュートのやり方を練習しようよ。見てて……」,"""Well, let's practice shooting the way today ... Look at it ..."""
75:019,「……うんうん、いい感じ。だんだん入るようになってきたね」,"""... Yeah, it feels nice ... It's getting gradually coming in."""
75:022,「先生が優秀なのよ。もっと手とり足とり教わっちゃおうかしら、ふふふ」,"""The teacher is excellent, I wonder if I will learn more hands and tackle it, Huhuhu"""
76:012,「[H名]さん。ちょっと顔色が悪くない？」,"""Mr. [H名], is not it bad a little?"""
76:014,「わかる？　私、泳げないのよ。小さい頃に川で溺れたことがあって……」,"""I understand? I can not swim, I have been drowned in the river when I was little."""
76:015,「そうだったんだ。じゃあ、俺が補助するから、克服しようよ！」,"""Well, then I will assist you, so overcome it!"""
76:021,「絶対に、手を離さないでね……」,"""Never let go of your hand ... ..."""
76:022,「トラウマを持ってる人にそんなことしないよ、安心して」,"""I will not do such a thing to those who have trauma, do not worry."""
76:024,「う、うん……信じてるからね？」,"""Well, yeah ... ... I believe you?"""
76:025,（こんな弱気になってる[H名]さん初めて見た。手を離したら一体どうなるんだ……いや、ダメだぞ俺！）,"(I saw [H名] for the first time this kind of bearish ... What happens when I release my hand ... no, no!"
77:030,「運動したら汗かいちゃった。脇に制汗剤しないと……ふふふ、してくれる？」,"""I got sweaty when I exercised, if I do not have antiperspirant aside ... ... will you, will you do it?"""
78:031,「ふぅ、少し疲れたわ。あなたが激しくするから……ふふ、冗談よ」,"""Fu, I am a bit tired, because you intensify ... ... Huhu, joke."""
79:011,「その……ずっと気になってたんだけど、お弁当の横にあるそれって……」,"""That ... ... I was always worried, but it's next to your lunch ..."""
79:014,「おやつのバナナよ。こうやって皮を向いて……んれぇ、れるれる……ぴちゃっ、れるっ、れるれる」,"""A snack banana, turning to the skin like this ... .... It will be ... ... being scared, it will be done"""
79:015,「た、食べ物を粗末にしちゃだめだよ！」,"""Well, do not cook food poorly!"""
79:017,「そこを隠しながら言っても、んれるっ、説得力ないわ、ぴちゃっ、れちゃっ、それにちゃんと、美味しくいただいてるわよ？」,"""Even if you say while concealing it, you can not be persuasive, it will not be convincing, it will be fine, and you are getting it delicious, right?"""
79:018,（うう……他の子がやったらギャグになりそうだけど、さすが[H名]さん……）,"(Uu ... ... If other kids do it seems to be a gag, but surely [H名] ... ...)"
7:008,「あら……あなたさえ良ければ、隣りにいさせてほしいけど、いいの？」,"""Oh ... ... if you are OK, I want you to be next to me, is it okay?"""
7:009,「い、いいよ、もちろん！　あ～、よかったぁ……」,"""Oh, okay, of course it was good, that was good ..."""
7:013,「ふふ、そんなヘナヘナになっちゃうぐらい緊張してたの？」,"""Huhu, were you getting nervous enough to become such a henna?"""
7:014,「だって、[H名]さんってすごく大人っぽいから、男として見られてないかもって心配で……」,"""Because [H名] is so grown-up, I am worried that I can not be seen as a man ..."""
7:017,「くすくすっ、私ってそんなに大人っぽい？」,"""Kusuru, is I so adult?"""
7:018,「たぶん俺だけじゃなくて、みんなそう思ってるんじゃないかな」,"""Perhaps not just me but everyone thinks so,"""
7:022,「ふぅん。なら、これからはあなただけが私の子どもっぽいところを知っていくのね」,"""Well then, from now on, you will only know my childish place"""
7:023,「子どもっぽいところ？」,"""Child-like place?"""
7:026,「ええ。別に隠してるつもりはないけど、私の年相応の女の子の部分……受け入れてくれる？」,"""Yeah ... I do not mean to hide it separately, but part of my girl who corresponds to my age ... would you accept it?"""
7:027,「うん、もっと[H名]さんのこと知りたいし、そういうところも沢山知りたいな」,"""Yeah, I want to know more about [H名], I want to know plenty of that sort of things"""
7:031,「うふふ、ありがと。私ももっとあなたのことを知りたいわ。恋人として、これからもよろしくお願いするわね」,"""Uhufu, thanks ... I would like to know more about you too, I will ask you a favor of me as a sweetheart"""
80:012,「男の子が好きなオカズばっかりのお弁当を作ってみたの」,"""I tried making a bento that only boys like Okasu"""
80:013,「うわぁ、唐揚げ、チャーハン、野菜の肉巻き、全部美味しそう！」,"""Wow, fried fried rice, fried rice, meat rolls of vegetables, it looks delicious!"""
80:016,「ふふ、そんなに嬉しそうな反応をされたら、それだけでお腹いっぱいになっちゃいそう」,"""Hehe, if you react so much happy, it seems you will be full of just that."""
81:011,「えっと……[H名]さんのそれって何ラーメン？」,"""Er ... What kind of ramen is that [H名]'s?"""
81:014,「激辛コラーゲンボールラーメンよ。美容にいいかと思って。いただきます」,"""Spicy Collagen Ball Ramen, I think that it is good for beauty."""
81:015,「いただきます……すごいね、コラーゲンボールがこれでもかってぐらいブチ込まれて……」,"""Whats ... .... Awesome, collagen balls are still blown in like this ..."""
81:017,「そうね……ふーふー……それに、期間限定メニューって聞くと試してみたくなるじゃない？　あつっ、辛っ」,"""Well ... .... Fuhu ... ... Also, do not you want to try out a limited-time menu and you want to try it?"
81:018,「だ、大丈夫？」,"""Well, are you OK?"""
81:022,「ええ、平気よ、あっつ！　ふーふー……ん、ん……もぐもぐ、ふふふ、結構美味しいわよ。一口いる？」,"""Well, fine, awhile! Fufu ... ... muzumo, hehe he is pretty tasty, is there a mouth?"""
81:023,「ううん、もっとたくさん食べて。俺は見守ってるから」,"""No, I ate a lot more, because I am watching."""
81:024,（普段からフェロモンをだだ漏らしにしてる[H名]さんの、貴重な可愛いシーンがもっと見たい……）,(I want to see more precious scenes from [H名] who is leaking pheromones from my usual ... ...)
82:029,「ふぅ、ごちそうさま。……ん？　ふふっ、私の唇に何かついてる？」,"""Fuu, thank you for the treat, ... why do you have something on my lips?"""
83:030,「んっ……少し食べ過ぎたかしら。少しお腹をさすってくれない？」,"""Hmm ... I wonder if you ate too much, could you scrape my stomach a little?"""
84:011,「――というわけで、俺はコイカツ部を設立することになったんだけど……」,"""- That's why I decided to set up the Koi cut section ...."""
84:015,「ふふふ、噂には聞いてたけどめちゃくちゃね。でもそれ、私たちの知ってる学園長だわ」,"""Hehe he heard of rumors, it was messed up, but that is the school chief we know."""
84:016,「叔母さんって生徒にもそういう認識されてるんだ……でも、どうしてコイカツ部が出来たわけなんて聞いたの？」,"""Aunt is also recognized by the students as such ... ... But how did you hear that the Koi cut part was made?"""
84:019,「あなたのことをもっと知りたかったからよ。相手のことをもっと知りたいと思うのが恋でしょ？」,"""Because I wanted to know more about you, I'm in love to think I want to know more about you?"""
84:020,「そ、そうだね」,"""Well, that's right."""
84:021,（なんだか、[H名]さんの方がコイカツ部の部長って風格だな……ドキッとしちゃったぞ）,"(Somehow, Mr. [H名] is the director of the Koikatsu division ... It is a strange thing ... It has made it exciting)"
84:025,「だから、もっとあなたの話を聞かせて。この学園に初めて来たときの緊張感とか」,"""So, let me tell you more about yourself and the tension when I came to this school for the first time"""
84:026,「じゃあ、どこから話そうかな……」,"""Well, where should we speak from ...?"""
85:011,「今日はどんな活動をしようかな。したいこととかある？」,"""What kind of activities should we do today? Do you have something you want to do?"""
85:014,「それじゃ、あなたを誘惑する練習をしてもいい？」,"""Well then, can I practice to tempt you?"""
85:015,「ゆ、誘惑？　告白、とかじゃなくて？」,"""Yu, temptation? Confession, is not it?"""
85:019,「告白は頑張れば頑張っただけ気持ちが伝わるけど、誘惑は頑張りすぎると空回りするでしょ？」,"""As long as you keep yourself confident, if you do your best you will get a feeling, but if temptation is too hard you will idle, do not you?"""
85:020,「そ、そうなの？」,"""Well, is that so?"""
85:022,「女の子がエッチしたいからって、エッチアピールが強すぎると男の子は引くでしょ？」,"""Because the girls want to make love, the boys will draw if the appeal appeal is too strong?"""
85:023,「たしかに」,"""Certainly"""
85:027,「だからね？　私はあなたがしたいことをしてほしいの。他の子には遠慮して出来ないようなこと、あるでしょ？」,"""That's why, I want you to do what you want to do, there is something you can not do with other children refraining?"""
85:028,（こ、これは……練習だってことを忘れないと大変なことになりそうだ）,"(Here, this is going to be a hard thing if you do not forget to practice ......)"
86:012,「ねえ、あなたの初恋の話を聞かせて」,"""Hey, let me tell you the story of your first love"""
86:013,「は、初恋？　えっと、俺が言うのも何だけど、そういうのって聞くの嫌じゃないの？」,"""What is your first love? Um, what I say, but do not you dislike listening to that?"""
86:015,「嫌よ。でも、私はあなたが初恋の相手だけど、あなたは違うでしょ？　あなたから直接聞いて、この差を少しでも埋めたいの」,"""I hate it, but I am your first love partner, but you are different, I'd like to hear from you directly and fill this gap even a bit."""
86:016,「……わかった。じゃあ、俺の初恋の話をするよ……えっと……」,"""... .... OK, I will tell you my first love story ... um ... ...."""
86:021,「それで……いや、もういいよね。恋人の前でこんな話したくないよ」,"""Well ... no, it's okay, I do not want to talk like this in front of a lover."""
86:023,「？」,"""?"""
86:024,「今は[H名]さんと付き合ってるんだから、それでいいんじゃないかな」,"""Now I'm dating [H名], so it's OK"""
86:025,「たしかに[H名]さんは初恋の人じゃないけど、それでも[H名]さんに恋したのは変わりないよ」,"""Certainly [H名] is not my first love, but I'm still in love with [H名], I will not change."""
86:029,「……そうね……そうよね。初恋の人も周りの女の子も関係ないわ」,"""... ... Well ... that's right, neither the first love nor the surrounding girls are involved."""
86:030,「[H名]さん？」,"""Mr. [H名]?"""
86:034,「何でもないわ。これからは変に遠慮しないで、あなたとの時間をもっと楽しもうと思っただけ。ふふふ」,"""I do not have anything, I just wanted to enjoy more time with you without refraining from strangers."""
87:029,「次のコイカツ部はいつかしら。ふふふ」,"""When is the next carpeting section, Huhufu"""
88:030,「これからもコイカツ頑張りましょうね、ふふふ」,"""Let's do our best to keep carpeting, Huhuhu"""
89:007,「[H名]さん。ちょっと試したいことがあるんだけど、いいかな」,"""[H名], I have something I want to try a bit, but I wonder"""
89:010,「あら、私の何で何を試されちゃうのかしら、ふふふ」,"""Oh, I wonder what I am going to try, why?"""
89:011,「え、エッチなやつじゃなくて！　……えっと、試しに[Pあだ名]って呼んでみてほしいんだ」,"""Well, it's not horny fun! ... Well, I'd like you to call [Pあだ名] for testing."""
89:014,「あぁ……うふふ、プレイ的な感じなのね」,"""Ah ... ... Uhufu, is it like playing?"""
89:015,「一度そう呼んでもらいたくて……ダメかな？」,"""I wanted you to call me that once ... ... is not it?"""
89:019,「あら、不安にさせちゃった？　ダメなんて言ってないわ。あなたのしたいことは何でもしてあげたいもの」,"""Oh no, I did not say anything wrong, I want to do anything you want"""
89:020,「じゃあ……！」,"""Well then ...!!"""
89:023,「それで？　私はあなたになんて呼ばれちゃうのかしら」,"""Well, I wonder what I will call you"""
89:024,「えっと……[Hあだ名]、なんてどうかな」,"""Er ... ... [Hあだ名], how about what?"""
89:028,「あら、私の方は普通なのね。でも、そうよね……ふふふ、いいんじゃない？　じゃあ、呼んでみて」,"""Oh, my people are normal, but that's right ... ... Huhuu, is not it nice, then, please call me"""
89:029,「[Hあだ名]」,"""[Hあだ名]"""
89:033,「なあに、[Pあだ名]」,"""N, [Pあだ名]"""
89:034,「おぉ……[H名]さんが言うと破壊力がすごいよ」,"""Oh ...... [H名] says, the destructive power is amazing"""
89:038,「くすくす、こういう願望があったならもっと早く言ってくれてもよかったのよ？」,"""If you had such a desire, you could have said it sooner?"""
89:039,「う、うん。次からは思いついたらすぐに言うよ」,"""Well, yes, I will say it immediately as soon as I think of it."""
89:043,「そうしてね。じゃないと私みたいな女の価値がなくなるもの。じゃあ、これからはたまにプレイしましょうね」,"""Well then, if the woman like me is worthless, then let's play it now occasionally"""
8:008,「それは構わないけど、どこで？　まさかここで？　くすくすっ」,"""I do not mind it, but where am I supposed to be here?"""
8:009,「え、いや、そもそもいいの？　俺たち付き合ってないけど……」,"""Well, no, it's okay to start with, we are not going out ... ...."""
8:012,「よくなかったら断ってるもの。それとも、とんだ尻軽女だと思った？」,"""I declined it if it was not good, or did you think it was a solitary slut?"""
8:013,「そんなこと思わないよ。[H名]さんのことはよく分かってるつもりだし」,"""I do not think so, I will understand [H名]'s thing well."""
8:017,「ね、そういうあなただからいいと思ったの。他の男の子なんて眼中にないんだから、遠慮しないで好きにして」,"""Well, I thought that's because you are that kind of guy because I do not have any other boy in my eyes, do not be afraid to like it."""
90:008,「ねえ、あなたともっと近づこうと思うの」,"""Hey, I think I will get closer to you"""
90:009,「えっ！　[H名]さん、そんな、いきなり……」,"""Mr. [H名], such, suddenly ......"""
90:013,「ふふふ、期待させちゃった？　私が言いたいのは、愛称で呼び合ったらお互いの距離が縮まると思ったってこと」,"""Huhuu, did you make me expect it? I mean that you thought that when you call each other with a nickname you will shorten each other's distance"""
90:014,「愛称？」,"""Nickname?"""
90:018,「そうよ。……[Pあだ名]」,"""Yes, ... ... [Pあだ名]"""
90:019,「お、おぉ……」,"""Oh, oh ......"""
90:023,「私のことはなんて呼んでくれるの？」,"""How do you call me?"""
90:024,「え？　えっと……[H名]さんは……[Hあだ名]、かな？」,"""Er ... um ... ... [H名] ... ... [Hあだ名], are you?"""
90:027,「……いいわね。私、女子にも愛称で呼ばれたことないから、なんだかくすぐったい」,"""... It's okay, I have never been nicknamed by girls, so it's kind of ticklish."""
90:028,「え？　そうだったの？」,"""W-What was that?"""
90:032,「あなたみたいに名前にさん付けとか、苗字にさん付けとか。だからちょっぴり憧れてたの」,"""Like you, you got a name as a name, as a surname, so I was a longing long."""
90:033,「……[Hあだ名]」,"""... ... [Hあだ名]"""
90:037,「あーん、いいわいいわ～♪　すっごくキュンキュンしちゃう」,"""Ah, I love you ~ ♪ I'm going to get sooooooooooooooooooooooooooooooooooooooooooooooooooooooooooooooooooooo"""
90:039,「……[Pあだ名]」,"""... ... [Pあだ名]"""
90:040,「これ、いいね」,"""This is good"""
90:044,「このまま身体の距離も縮めちゃう？　期待させちゃったものね？」,"""Would you like to shorten your body's distance as it is, have you made me expect?"""
90:045,「こ、このタイミングはまずいよ」,"""Here, this timing is bad"""
90:047,「ふふふ、そうね。今しちゃったら朝になっても止まらないかもしれないものね……また今度ね」,"""Hehuu, well ... I guess it may not stop even if I do it in the morning .... See you next time."""
90:048,（[H名]さんと愛称で呼び合うと理性がふっとんじゃいそうだ。たまににしよう！）,"(If you call it nicknamed [H名], it is impossible for reason to come in. Be sure to do it!)"
91:010,「ふふふ……おはよ、[Pあだ名]」,"""Hehuu ... .... Good morning, [Pあだ名]"""
91:011,「あ……おはよう、[Hあだ名]」,"""Ah ... ... Good morning, [Hあだ名]"""
91:014,「これ、合図に出来そうね。なんの、とは言わないけどね、ふふふ」,"""This could be a signal, I do not say anything, but Huhu."""
91:015,（[H名]さんと一緒だと、朝からムラムラしちゃうよ……）,"(When it is with [H名], I will be scrambling from the morning ... ...)"
92:007,「じゃあまたね……ふふふ」,"""Well, see you later ... Huhuhu"""
94:028,「すぅ……すぅ…………ん、んん……」,"""Wow ... ... ... ... ... ...."""
94:031,（ん、んん……何だか下半身に違和感が……？）,"(Hmm, I feel something wrong with the lower half ... ...?"
94:038,「…………」,"""............"""
94:039,「って……え？　え？」,"""Huh ... what ...?"""
94:041,「おはよ。あなたのおチンチンを舐めちゃってるわよ？」,"""Ohayo, you're licking your cock?"""
94:043,「あっ、うん……。いや、何でそんなこと……？」,"""Oh, yeah ... ... No, why is that such a thing ...?"""
94:051,「ふふふ、隙だらけだったからに決まってるじゃない」,"""Hehehe, it is determined that it was full of gaps"""
95:034,「すぅ……すぅ…………ん、んん……」,"""Wow ... ... ... ... ... ...."""
95:037,（んぅ……すごく気持ちいいような……いったい、何が……？）,"(Huh ...... I feel so comfortable .... What on earth, what ... ...?"
95:044,「…………」,"""............"""
95:048,「って……え？　え？」,"""Huh ... what ...?"""
95:053,「あら、おはよ。よく眠れたかしら？」,"""Oh, good morning. Did you sleep well?"""
95:054,「えっと……そうだね？」,"""Er ... Is that right?"""
95:056,「まだおねむみたいね。いいわ……私とのセックス以外考えられなくしてあげる」,"""I still seem to be sorry ... Well ... I will not think about sex other than me."""
96:025,「すぅ……すぅ……ん、んん……」,"""Wow ...... ... ...."""
96:028,（んぅ……ん……なんか、下半身に違和感が……？）,"(... ... ... something, I feel something wrong with the lower body ...?"
96:035,「…………」,"""............"""
96:036,「って……え？　え？」,"""Huh ... what ...?"""
96:038,「無防備ね。食べてくださいって言ってる様なモノよ？」,"""Unprotective, are you saying you should eat something?"""
96:039,「っ、別にそんなつもりは……んぁ……」,"""Well, such a plan is ... ...."""
96:042,「ふぅん、おチンチンをカチカチにさせて、そんなこと言っちゃうんだ……ふふふ♪」,"""Oh, let me tinkin you, I say such a thing .... Huhuu ♪"""
97:031,「すぅ……すぅ…………ん、んん……」,"""Wow ... ... ... ... ... ...."""
97:034,（んぅ……ん……なにか、やわらかいものが……あたって……？）,"(... ... ... something, something soft ... ... ...?"
97:041,「…………」,"""............"""
97:042,「……って、え？　え？」,"""... Wait, huh?"""
97:044,「ふふふ、どう？　おっぱいの目覚め心地は？」,"""Huhuu, how is your awakening of your breasts?"""
97:045,「っ、気持ちいい……です……」,"""Well, it feels good ... ...."""
97:048,「よかった♪　このまま、おっぱいで骨抜きにしてあげる。ジッとしててね？」,"""As good as you can, with breasts you will get boneless as it is, as a jig?"""
9:007,「いいわよ」,"""OK"""
9:008,「やった！　じゃあ俺、喜んでもらえるように頑張るから、期待し――」,"""Ok then! I'll do my best so that I can be glad, expect it."""
9:011,「もう、肩の力入りすぎ。普通でいいの普通で。あなたと過ごせるだけで私は楽しいんだから」,"""I already have too much of a shoulder, I am normal and normal, because I am having fun with you just because I am having fun"""
9:012,「[H名]さん……そう言われると照れくさいよ」,"""Mr. [H名] ... ... If you say so, please be overwhelmed."""
9:016,「ふふ、顔を赤くさせるつもりで言ったのだから、照れてもらわないと逆に困るわ」,"""Huhu, I told my face to make it red, so if you do not embarrassed it will be in trouble."""
