"管理番号","名称","バンドルパス","ファイルパス"
"0","タイトル","sound/data/bgm/bgm_00.unity3d","bgm_00"
"1","マップ移動中","sound/data/bgm/bgm_01.unity3d","bgm_01"
"2","マップ夕方","sound/data/bgm/bgm_02.unity3d","bgm_02"
"3","カスタム","sound/data/bgm/bgm_03.unity3d","bgm_03"
"4","コミュニケーションモード","sound/data/bgm/bgm_04.unity3d","bgm_04"
"5","出会い","sound/data/bgm/bgm_05.unity3d","bgm_05"
"6","恋人と会話","sound/data/bgm/bgm_06.unity3d","bgm_06"
"7","怒り","sound/data/bgm/bgm_07.unity3d","bgm_07"
"8","Hシーン(穏やか)","sound/data/bgm/bgm_08.unity3d","bgm_08"
"9","Hシーン(Hなムード)","sound/data/bgm/bgm_09.unity3d","bgm_09"
"10","Hシーン(覗き)","sound/data/bgm/bgm_10.unity3d","bgm_10"
"11","もの悲しい","sound/data/bgm/bgm_11.unity3d","bgm_11"
"12","告白/回想","sound/data/bgm/bgm_12.unity3d","bgm_12"
"13","デート(ウキウキ)","sound/data/bgm/bgm_13.unity3d","bgm_13"
"14","自宅(朝メニュー)","sound/data/bgm/bgm_14.unity3d","bgm_14"
"15","自宅(夜メニュー)","sound/data/bgm/bgm_15.unity3d","bgm_15"
"16","システムメニュー","sound/data/bgm/bgm_16.unity3d","bgm_16"
"17","部室","sound/data/bgm/bgm_17.unity3d","bgm_17"
"18","日常","sound/data/bgm/bgm_18.unity3d","bgm_18"
"19","夕焼け","sound/data/bgm/bgm_19.unity3d","bgm_19"
"20","思い出","sound/data/bgm/bgm_20.unity3d","bgm_20"
"21","エンディング曲アレンジ1","sound/data/bgm/bgm_21.unity3d","bgm_21"
"22","エンディング曲アレンジ2","sound/data/bgm/bgm_22.unity3d","bgm_22"
"23","クールな女の子と会話","sound/data/bgm/bgm_23.unity3d","bgm_23"
"24","元気な女の子と会話","sound/data/bgm/bgm_24.unity3d","bgm_24"
"25","朝の公園","sound/data/bgm/bgm_25.unity3d","bgm_25"
"26","カフェ","sound/data/bgm/bgm_26.unity3d","bgm_26"
"27","システム画面","sound/data/bgm/bgm_27.unity3d","bgm_27"
