"no","path","file","option path","option file","event bundle path","event bundle file","com_off path","com_off file"
"0","communication/info_12.unity3d","Communication_00","communication/info_13.unity3d","OptionDisplayItems_00","communication/info_00.unity3d","EventBundle_00","communication/info_12.unity3d","Communication_off_00"
"1","communication/info_12.unity3d","Communication_01","communication/info_13.unity3d","OptionDisplayItems_01","communication/info_00.unity3d","EventBundle_01","communication/info_12.unity3d","Communication_off_01"
"2","communication/info_12.unity3d","Communication_02","communication/info_13.unity3d","OptionDisplayItems_02","communication/info_00.unity3d","EventBundle_02","communication/info_12.unity3d","Communication_off_02"
"3","communication/info_12.unity3d","Communication_03","communication/info_13.unity3d","OptionDisplayItems_03","communication/info_00.unity3d","EventBundle_03","communication/info_12.unity3d","Communication_off_03"
"4","communication/info_12.unity3d","Communication_04","communication/info_13.unity3d","OptionDisplayItems_04","communication/info_00.unity3d","EventBundle_04","communication/info_12.unity3d","Communication_off_04"
"5","communication/info_12.unity3d","Communication_05","communication/info_13.unity3d","OptionDisplayItems_05","communication/info_00.unity3d","EventBundle_05","communication/info_12.unity3d","Communication_off_05"
"6","communication/info_12.unity3d","Communication_06","communication/info_13.unity3d","OptionDisplayItems_06","communication/info_00.unity3d","EventBundle_06","communication/info_12.unity3d","Communication_off_06"
"7","communication/info_12.unity3d","Communication_07","communication/info_13.unity3d","OptionDisplayItems_07","communication/info_00.unity3d","EventBundle_07","communication/info_12.unity3d","Communication_off_07"
"8","communication/info_12.unity3d","Communication_08","communication/info_13.unity3d","OptionDisplayItems_08","communication/info_00.unity3d","EventBundle_08","communication/info_12.unity3d","Communication_off_08"
"9","communication/info_12.unity3d","Communication_09","communication/info_13.unity3d","OptionDisplayItems_09","communication/info_00.unity3d","EventBundle_09","communication/info_12.unity3d","Communication_off_09"
"10","communication/info_12.unity3d","Communication_10","communication/info_13.unity3d","OptionDisplayItems_10","communication/info_00.unity3d","EventBundle_10","communication/info_12.unity3d","Communication_off_10"
"11","communication/info_12.unity3d","Communication_11","communication/info_13.unity3d","OptionDisplayItems_11","communication/info_00.unity3d","EventBundle_11","communication/info_12.unity3d","Communication_off_11"
"12","communication/info_12.unity3d","Communication_12","communication/info_13.unity3d","OptionDisplayItems_12","communication/info_00.unity3d","EventBundle_12","communication/info_12.unity3d","Communication_off_12"
"13","communication/info_12.unity3d","Communication_13","communication/info_13.unity3d","OptionDisplayItems_13","communication/info_00.unity3d","EventBundle_13","communication/info_12.unity3d","Communication_off_13"
"14","communication/info_12.unity3d","Communication_14","communication/info_13.unity3d","OptionDisplayItems_14","communication/info_00.unity3d","EventBundle_14","communication/info_12.unity3d","Communication_off_14"
"15","communication/info_12.unity3d","Communication_15","communication/info_13.unity3d","OptionDisplayItems_15","communication/info_00.unity3d","EventBundle_15","communication/info_12.unity3d","Communication_off_15"
"16","communication/info_12.unity3d","Communication_16","communication/info_13.unity3d","OptionDisplayItems_16","communication/info_00.unity3d","EventBundle_16","communication/info_12.unity3d","Communication_off_16"
"17","communication/info_12.unity3d","Communication_17","communication/info_13.unity3d","OptionDisplayItems_17","communication/info_00.unity3d","EventBundle_17","communication/info_12.unity3d","Communication_off_17"
"18","communication/info_12.unity3d","Communication_18","communication/info_13.unity3d","OptionDisplayItems_18","communication/info_00.unity3d","EventBundle_18","communication/info_12.unity3d","Communication_off_18"
"19","communication/info_12.unity3d","Communication_19","communication/info_13.unity3d","OptionDisplayItems_19","communication/info_00.unity3d","EventBundle_19","communication/info_12.unity3d","Communication_off_19"
"20","communication/info_12.unity3d","Communication_20","communication/info_13.unity3d","OptionDisplayItems_20","communication/info_00.unity3d","EventBundle_20","communication/info_12.unity3d","Communication_off_20"
"21","communication/info_12.unity3d","Communication_21","communication/info_13.unity3d","OptionDisplayItems_21","communication/info_00.unity3d","EventBundle_21","communication/info_12.unity3d","Communication_off_21"
"22","communication/info_12.unity3d","Communication_22","communication/info_13.unity3d","OptionDisplayItems_22","communication/info_00.unity3d","EventBundle_22","communication/info_12.unity3d","Communication_off_22"
"23","communication/info_12.unity3d","Communication_23","communication/info_13.unity3d","OptionDisplayItems_23","communication/info_00.unity3d","EventBundle_23","communication/info_12.unity3d","Communication_off_23"
"24","communication/info_12.unity3d","Communication_24","communication/info_13.unity3d","OptionDisplayItems_24","communication/info_00.unity3d","EventBundle_24","communication/info_12.unity3d","Communication_off_24"
"25","communication/info_12.unity3d","Communication_25","communication/info_13.unity3d","OptionDisplayItems_25","communication/info_00.unity3d","EventBundle_25","communication/info_12.unity3d","Communication_off_25"
"26","communication/info_12.unity3d","Communication_26","communication/info_13.unity3d","OptionDisplayItems_26","communication/info_00.unity3d","EventBundle_26","communication/info_12.unity3d","Communication_off_26"
"27","communication/info_12.unity3d","Communication_27","communication/info_13.unity3d","OptionDisplayItems_27","communication/info_00.unity3d","EventBundle_27","communication/info_12.unity3d","Communication_off_27"
"28","communication/info_12.unity3d","Communication_28","communication/info_13.unity3d","OptionDisplayItems_28","communication/info_00.unity3d","EventBundle_28","communication/info_12.unity3d","Communication_off_28"
"29","communication/info_12.unity3d","Communication_29","communication/info_13.unity3d","OptionDisplayItems_29","communication/info_00.unity3d","EventBundle_29","communication/info_12.unity3d","Communication_off_29"
