:9,「きゃっ？　な、なんですかっ？」,"""Why are you busy?"""
:10,「きゃあぁぁっ！　だ、ダメです！　見ないでください！」,"""Kaaaaaaaaaaaaaaaaaaaaaaaaaaaaaaaaaaaaaaaaaaaaaaaaaaaaaaaaaaaaaaaaaaaaaaaaaaaaaaaaaaaaaa"
:11,「その……急いでいるので、失礼します」,"""That ... ... Because I am in a hurry, I will excuse you."""
:12,「ええと……なんでしょうか」,"""Well ... What is it?"""
:13,「すみません。この後少々用事がありまして。失礼しますね」,"""Sorry, I have something to do after this, I will be sorry"""
:14,「ん……ぁ、んん……お母、様……」,"""... ... ... Ah, Mmm ... ...."""
:15,「えっ、あ、あの……見ては、ダメです……っ」,"""Eh, oh, that ... ... it's no good ... ..."""
:16,「あうぅ……恥ずかしいです……」,"""Auu ... ... It's embarrassing ......"""
:17,「あら。ここは見晴らしもよく、風が気持ち良いですよね」,"""Oh, here the view is good and the wind is pleasant, is not it?"""
:18,「ふふっ。緑が多くて落ち着く場所ですね」,"""Hehu, it's a place where there are plenty of greeneries and it's calm."""
:19,「こんなところでお会いするなんて。偶然ですね」,"""It is a coincidence to see you in such a place"""
:20,「ええと……どちらへ向かっているのでしょうか」,"""Well ... which side are you headed for?"""
:21,「えっ？　ま、待ってください。ここはさすがにいけません」,"""Wait a moment, please wait here, you can not do it"""
:22,「どうしましたか？　ふふふっ」,"""What's the matter, Huhuhuu"""
:23,「あの……か、官能小説とか、読まれたりしますか……？」,"""Well ... ... or a sensual novel, are you reading ...?"""
:24,「あら。あなたも一緒に運動しますか？」,"""Oh, are you going to work out together?"""
:25,「なるほど。こうやって他の部活に顔を出したりもするんですね」,"""I see, that's how we do it in other club activities as well,"""
:26,「お疲れ様です。私がお手伝いできることがあれば、仰ってくださいね」,"""Thanks for your hard work, please let me know if I can help you."""
:27,「ふぅ。集中するとお腹が空きますね」,"""Fu, you get hungry when you concentrate,"""
:28,「もうこんな時間なんですね。遅くならないうちに帰らないと」,"""It's such time already, I have to go back before it's late."""
:29,「え？　きゃっ！　す、すみません。いきなりだったので驚いてしまって……」,"""Sorry, I'm sorry, I was suddenly surprised ... ...."""
:30,「はい、なんですか？」,"""Yes, what is it?"""
:31,「落ち着いてるイメージがあるけど、なにか心がけてるの？」,"""There is a calm image, but are you keeping in mind?"""
:32,「そうですね。心に余裕を持つこと、かもしれません」,"""Well, maybe I can afford to have it in mind."""
:33,「うーん……あまり考えたことがありませんでした。すみません……」,"""Well ... I have not thought so much ... I'm sorry ...."""
:34,「そう言えば。テレビの料理番組で珍しい野菜が使われてたって、ちょっと話題になったよね」,"""That said, rare vegetables were used on television cooking programs, and it became a topic for a moment."""
:35,「確か、『カー』ですね。タイで採れる生姜だそうで、少々気になります」,"""Certainly, it is a car, it is a ginger that can be taken in Thailand, I am a little worried."""
:36,「友人が話していましたね。私も聞いたことがない野菜でした」,"""My friend was talking, I was a vegetable that I have never heard of"""
:37,「休みの日ってなにしてる？　外に出る方？」,"""Who are you off leave? Are you going out?"""
:38,「たまに、買い物に出掛けたりはしますね」,"""I occasionally go shopping,"""
:39,「家にいることが多いですね。どちらかと言うと、ゆっくりしていたいので」,"""There are a lot of things staying at home, either way, because I want to be relaxed."""
:40,「すみません。興味がないわけじゃないのですが……別のお話をしませんか？」,"""I'm sorry, I'm not interested, but ... Would you like to talk differently?"""
:41,「君とは、もっといろいろ話してみたいな」,"""I'd like to talk more about you"""
:42,「そうですか？　私でよろしければ、お話し相手になります」,"""Well, if it's okay with me, I will be talking to you."""
:43,「そうそう。この間、久しぶりに本屋に行ったら、こんな本が出てたんだ」,"""Oh yeah, in the meantime, when I went to the bookstore for the first time in a while, this book was out."""
:44,「あ、その小説は私も読みましたよ。面白いですよね」,"""Oh, I read the novel, it's interesting, is not it?"""
:45,「そろそろ小テストがあるみたいで、ちょっと憂鬱なんだよね」,"""It looks like there are quizzes soon, it's a bit depressed, is not it?"""
:46,「定期テストの試金石のようなものですから、今が頑張り時ですよ」,"""It's like a touchstone for regular tests, so now it's time to work hard"""
:47,「友達と恋愛の話ってする？　好きなタイプとか」,"""Would you like to talk about romance with friends?"""
:48,「する時もありますけど、私はもっぱら話を聞く側ですね」,"""There are times when I do it, but I am the one who listens to everything."""
:49,「たまには、といった感じです。その際、なぜか友達から質問攻めにされることが多くて……」,"""Sometimes, I feel occasionally, at that time, there are a lot of things that my friends ask me to ask questions ..."""
:50,「恋愛相談を受けることってある？」,"""Do you have any romantic consultation?"""
:51,「あることはあります。ただ、私自身恋愛経験がないので、的確なアドバイスはできなくて……」,"""There is something, but I do not have love affairs myself, so I can not give precise advice ..."""
:52,「今はそういったことはありませんね。以前、恋愛小説を元にしたアドバイスを送ってしまったのが原因かもしれません」,"""There is not such a thing now, it may be caused by having sent advice based on a romance novel before,"""
:53,「好きな男性のタイプってある？」,"""Is there a type of male you like?"""
:54,「引っ張ってくれる方が良いですね。私は、なかなか積極的になれないので」,"""It is better for you to pull, I can hardly become aggressive."""
:55,「今の段階では、答えるのが難しいです。誰かとお付き合いしたことがありませんので」,"""At this stage, it is difficult to answer, I have never caught up with someone."""
:56,「すみません……こういった話題は照れくさくて……」,"""I'm sorry ...... These topics are shy ... ..."""
:57,「コイバナかぁ、改めて考えると、難しい話題なのかな」,"""Koibana, if I think about it again, is it a difficult topic?"""
:58,「女子校ですと、学園内で恋愛というわけにも……ですからね」,"""In girls' school, it's also romance in the school ... so that's it."""
:59,「恋愛小説、俺もなにか読んでみようかな」,"""Romantic novel, I will also read something"""
:60,「でしたら、オススメの本がありますよ」,"""If it's you, I have a book that I recommend"""
:61,「コイカツ部の活動って前例がないから、上手くやれてるかわからなくなる時があるんだよね」,"""There is no precedent in the activities of the Koi cut section, so there are times when you do not know whether you are doing well or not,"""
:62,「私から見たら、[P姓]さんはとても頑張っていると思いますよ。自信を持ってください」,"""From my point of view, I think [P姓] is doing my best, please be confident."""
:63,「積極的な男性ってどう思う？」,"""What do you think aggressive men?"""
:64,「良いと思いますよ。私がそういった性格ではありませんから、新鮮です」,"""I think it's good, I am fresh because I am not such a personality."""
:65,「そう……ですね。どちらかと言うと、大人しい方のほうがお話しやすいかもしれません」,"""Yeah ... that's right, if you say something, the more adults may talk more easily."""
:66,「慎重な男性ってどう思う？」,"""What do you think of a cautious man?"""
:67,「思慮を重ねるのは良いことだと思いますよ」,"""I think that it is a good thing to think carefully"""
:68,「即断即決とまではいかなくても、素早い判断をしてくれたらと感じます」,"""I feel that it will make a quick judgment even if it does not go up to immediate and prompt decision."""
:69,「勤勉な男性ってどう思う？」,"""What do you think of a diligent man?"""
:70,「気が合いそうです。勉学に勤しむことは大切だと、私も考えていますから」,"""I feel optimized. I think that it is important to work for study."""
:71,「コツコツ頑張るのは良いことですが、時には息抜きも大事だと思います」,"""It's a good thing to work hard, but sometimes I think that relaxation is also important."""
:72,「マイペースな男性ってどう思う？」,"""What do you think of a self-paced man?"""
:73,「なにかに縛られることのない生き方――素晴らしいです」,"""How to live without being bound in something - it is wonderful"""
:74,「うーん。周囲に気を配るのも大事なことではないかと」,"""Well, it's also important to take care of the surroundings."""
:75,「優しい男性ってどう思う？」,"""What do you think of a gentle man?"""
:76,「人に優しくできる方は素敵ですよね」,"""The person who can be kind to people is wonderful, is not it?"""
:77,「優しすぎる……というのもどうなのでしょうか」,"""Too tender ... how is that?"""
:78,「クールな男性ってどう思う？」,"""What do you think of cool men?"""
:79,「常に冷静さを保てるのは、美徳の一つだと思います」,"""I think that it is one of virtues to always keep calm."""
:80,「どちらかと言うと、感情を表に出してくれる方のほうがお付き合いしやすいと思います」,"""To put it, I think that it is easier for people to express feelings on the table."""
:81,「友達とエッチな話ってしたりする？」,"""Do you talk strangely with your friends?"""
:82,「え、ええと……極稀に……ううぅ、恥ずかしすぎます……」,"""Well, uh ...... extremely rare ...... Uoo, I'm too embarrassed ..."""
:83,「なっ？　なんてことを聞くのですか……！」,"""Are you listening to what ...?!"""
:84,「エッチなことって、どのへんまで知ってる？」,"""What do you know about horny things?"""
:85,「そ、それは……本で知っているのである程度は……って、変なことを言わせないでください！」,"""Well, that's ... ... I know it in books, so to some extent ... do not make funny things say""!"
:86,「あ、あまり詳しくないですよ……？」,"""Oh, I do not know much about that ... ....?"""
:87,「エッチな想像することってあるのかな？」,"""Is there something you think imagining?"""
:88,「し、しないわけではないですが……たまにですよっ？」,"""Well, I do not mean not to ... ... Sometimes?"""
:89,「ひ、秘密です……！　そのようなこと、教えられません！」,"""Hi, it's a secret ...!! I can not tell you such things!"""
:90,「その……もう少し違うお話をしませんか？」,"""That ... ... Would you like to talk a little differently?"""
:91,「ごめん、ちょっとエッチなことを聞き――」,"""I'm sorry, listen to something a bit strange -"""
:92,「だ、ダメです！　そういった内容はお答えできません……！」,"""That's bad, I can not answer such content ...!"""
:93,「うーん。エッチなこと聞いちゃおうかな……」,"""Well, I'll ask you something horny ... ...."""
:94,「心の声が漏れていますよ？」,"""The voice of the heart is missing?"""
:95,「あ、そう言えばこんな話を聞いたんだけど――」,"""Oh, I have heard such a story if I say so,"""
:96,「ま、待ってください、その話題は破廉恥だと思います……！」,"""Wait a moment, I think that topic is disgraceful ...!"""
:97,「私、友人からマイペースだと言われるのですが、あなたもそう思いますか？」,"""I am said to be my pace from a friend, do you think so too?"""
:98,「なるほど。やはりそうなのですね」,"""Oh, I see."
:99,「あら、そうですか？　意外なご意見です」,"""Oh, is it? It is an unexpected opinion."""
:100,「あの。そこで言葉を濁されると、少し不安になってしまいます」,"""Well, when I make the words muddy, I get a bit uneasy."""
:101,「動物、お好きですか？」,"""Do you like animals?"""
:102,「ふふふっ。見ても触れても可愛らしいですよね」,"""Hehuu, even if I touch it, it's pretty, is not it?"""
:103,「あなたもそうなのですね。私も少し……苦手と言う程ではないのですが……」,"""You too are so, I am a bit ... ... not as weak as it is ...."""
:104,「やはり、男性ですと食事はたくさん取られるのですか？」,"""After all, are men taking lots of meals?"""
:105,「ふふっ。美味しいものを食べると幸せになれますよね」,"""Hehuu, you can be happy when you eat delicious things"""
:106,「そうなんですか。私も食が細くて……周りから心配されてしまいます」,"""I am also fine with meal ...... I will be worried from around."""
:107,「お一人で生活されていると、料理も自分で作るのですか？」,"""When you are living alone, are you also cooking yourself?"""
:108,「ご立派です。自分で作ると美味しさひとしおですよね？」,"""You are fine, is not it delicious if you make it yourself?"""
:109,「予想通りの答えで安心しました。私もその……料理が苦手で……」,"""I was relieved with the answer as I expected, I am that ... ... I am not good at cooking ..."""
:110,「運動はお好きな方ですか？」,"""Do you like exercise?"""
:111,「私もです。身体を動かすとスッキリします」,"""I am also, I feel refreshed when I move my body."""
:112,「あ、私と同じですね。球技が特に苦手なんです」,"""Oh, it's the same as mine, ball games are not particularly good"""
:113,「普段から勉強されていますか？」,"""Have you studied regularly?"""
:114,「日々の努力が大事ですよね。もしよろしければ、テスト前に一緒に勉強会をしましょう」,"""Every day's effort is important, if it's okay, let's study together before testing."""
:115,「わかります、一夜漬けにも限界はありますし、本来ならコツコツやらなくてはいけないのですが……」,"""I understand, there is a limit even for overnight picking, and I have to do the tricks inherently ... ...."""
:116,「ご自身の身だしなみって、気にされている方ですか？」,"""Are you the one who is concerned about your own grooming?"""
:117,「男性も気を使うのですね。私も気にするようにしています」,"""Men also care about mind, I try to mind too"""
:118,「あ、はははは……私も、おしゃれにはあまり興味が持てなくて……」,"""Ahahahaha ... I am also not very interested in fashion ... ...."""
:119,「そうなんですね。異なる考えも興味深いです」,"""Yeah, different ideas are also interesting."""
:120,「あの……他に言うべきことがあるかと思うのですが」,"""Ah ... ... I think that there is something else to say"""
:121,「私もキツイ態度を取ってしまいましたね。すみません。また以前のようにお話しましょう」,"""I have also taken a hard feeling.I'm sorry, let's talk like I did before."""
:122,「本当は許して差し上げたいのですが……」,"""I really want to forgive but ... ...."""
:123,「どうか……されましたか？」,"""is there something wrong?"""
:124,「も、もう……さすがに恥ずかしいです」,"""Well, it is already embarrassing ... ...."""
:125,「あ、あの……あまり見つめられるのは……」,"""Ah, that ... ... what can be seen so much ... ..."""
:126,「えっ？　そ、そこは、あの……」,"""Well, there, that ... ...."""
:127,「本当に好きなのですね……でも、やっぱりいけないと思います」,"""I really like it .... But, I do not think so."""
:128,「あうぅ……また見てます……」,"""Auu ... I am watching again ..."""
:129,「……そんなところを見ている場合ではないと思いますけど」,"""...... I do not think it is the case that I see such a place,"""
:130,「えっ？　手を握りたいのですか？」,"""Do you want to hold a hand?"""
:131,「ま、まだこういうことは早いと思います……！」,"""Well, I guess this kind of thing is still early ... ...."""
:132,「ふああぁっ？　びっくりしてしまいます……」,"""Faaaa! I will be surprised ..."""
:133,「ひゃんっ！？　えっ……えええっ！？」,"""Homme! ... er ...? Well!"""
:134,「いけません、破廉恥です……！」,"""You can not, it's a shame ... ...!"""
:135,「だ、ダメです、こんなところに触れたら……」,"""Well, it's useless, if you touch such a place ..."""
:136,「えっ？　頭になにか付いていますか？」,"""Huh? Do you have something on your head?"""
:137,「ダメですよ。女性の髪に気軽に触れては」,"""It's useless, feel free to touch the female's hair"""
:138,「あ、あのっ、撫でられるのは……は、恥ずかしいです……」,"""Oh, that, being stroked ... ... is embarrassing ... ...."""
:139,「ふえ？　い、いきなりなんですか？」,"""Well, are you sudden?"""
:140,「……もしかして、私の反応が楽しくてやっていませんか？」,"""... ... Maybe my reaction has been enjoyable?"""
:141,「ほっぺたの感触、そんなに良いのですか？　でも触れてはいけません」,"""The feel of cheeks is that good, but do not touch it."""
:142,「待ってください。先にするべきことがあるはずですよ？」,"""Wait, there should be something to do first?"""
:143,「あなたのこと、少しずつ理解できてきました」,"""I understand you little by little"""
:144,「次はどんなお話をしましょうか」,"""What kind of story should we talk next?"""
:145,「もっとお話してみたいです」,"""I'd like to talk more."""
:146,「特にないのでしたら、このあたりで失礼しますよ？」,"""If you do not have anything in particular, will you be rude here?"""
:147,「ふぅ。そろそろ終わりにしましょうか」,"""Well, let's finish it"""
:148,「すみません。ここまでにさせていただいて良いですか？」,"""I'm sorry ... Can I make it to this place?"""
:149,「あら、もうこんな時間。もっとお話していたいですが、仕方ないですね」,"""Oh, it is already such a time. I want to talk more, but it can not be helped."""
:150,「ええと、もしよろしければこの後……い、いえ、なんでもありません！　失礼します！」,"""Well, if it's okay after this ... oh, no, nothing! I am sorry!"""
:151,「それではまた。失礼いたしますね」,"""Well then, I will excuse you."""
:152,「わかりました。私で良ければ、また声を掛けてくださいね」,"""Okay, please do not hesitate to call me again if it is okay with me"""
:153,「はい、それでは」,"""Yes, then."""
:155,「もしよかったら、一緒に帰らない？」,"""Would you like to go home together?"""
:157,「ええ、構いませんよ」,"""Yes, I do not mind."""
:158,「すみません。今日は、家の用事で早く帰らなくてはいけないんです」,"""I'm sorry, I have to go home early with my errands today."""
:159,「よかったら一緒に勉強しない？」,"""Would you like to study together?"""
:161,「ええ、構いませんよ」,"""Yes, I do not mind."""
:162,「あっ……すみません。他に用事がありまして……」,"""Ah ... I'm sorry, I have other errands ..."""
:163,「一緒に身体を動かさない？」,"""Do you move your body together?"""
:165,「はい。それでは、体操服に着替えてきますね」,"""Yes, then, I will change my clothes to gym clothes."""
:166,「運動という気分ではなくて……遠慮いたしますね」,"""I am not in the mood of exercise ... I will withdraw"""
:167,「ちょっと付いてきてもらっていい？」,"""Can I come along for a moment?"""
:169,「はい。なにかありましたか？」,"""Yes. Have you anything?"""
:170,「あ……友人が呼んでいるようなので……ごめんなさい」,"""Ah ... it seems like a friend calls me ... I'm sorry"""
:171,「きゃっ？　も、もう……他の方がいたら大騒ぎになってますよ？」,"""Cash too, already ... ... If there are other people, are you making a fuss?"""
:172,「ど、どうしてこんな所に……いけませんよ……！」,"""Why, why can not I ......!"""
:173,「あうぅ……変態さんですね、もう……」,"""A uu ...... Mr. Hentai, are not you ..."""
:174,「い、いけませんよ！　早く出ていってください……！」,"""Do not go, please get out soon ... ...!"""
:175,「……むぅ。もうお話することはありません」,"""... .... Muu, I will not tell you anymore"""
:176,「ふぅ……なんですか？」,"""Fuu ... What is it?"""
:177,「すみません。このあと用事がありまして……」,"""Sorry, I have something to do after this ..."""
:178,「ひゃんっ！　い、いくらあなたでも見ちゃいけません……！」,"""Huh, no matter how much you can see ... ...!"""
:179,「は、恥ずかしいので向こうを向いていてください……」,"""Because I am ashamed, please face over there ..."""
:180,「裸ではないとはいえ……やはり恥ずかしいですね……」,"""Although it is not naked ... ... It is still embarrassing ...."""
:181,「……あまりジロジロ見るものではありませんよ？」,"""... ... I do not see too much arousal?"""
:182,「ここは風が気持ち良いですね」,"""The wind is comfortable here, is not it?"""
:183,「あら、あなたも気分転換をしに来たのですか？」,"""Oh, have you come to change the mood?"""
:184,「少々珍しい場所でお会いしましたね」,"""I saw you in a few unusual place,"""
:185,「はい、なんですか？」,"""Yes, what is it?"""
:186,「そちらはダメですよ。男子禁制です」,"""That is useless, male ban is forbidden."""
:187,「今度のデート……とても楽しみにしています」,"""This date ... I am very much looking forward to it"""
:189,「あなたとお話をすると、胸がドキドキします。不思議ですね」,"""When you talk with you, my heart thrills me, it's strange, is not it?"""
:190,「あなたとでしたら、私……いろいろな一歩を踏み出せるかもしれません」,"""If you were with you, I ... ... I might be able to take a variety of steps."""
:191,「えっ？　飲み物を買ってきてくれたのですか？　あ、ありがとうございます……！」,"""Did you buy me a drink? Oh, thank you!"
:192,「もしあなたと一緒に活動できたら、益々楽しい部活動になるかも」,"""If you can work with you, it will become more and more fun activities."""
:193,「コイカツ部、頑張っていますか？」,"""Do you work hard at the Koikatsu Department?"""
:194,「もうお昼……集中していると時間経過が早く感じられますね」,"""We already have noon ... ... I can feel the passage of time quickly when I concentrate."""
:195,「あ、私にご用ですか？」,"""Oh, you want me?"""
:196,「きゃっ！？……も、もう……驚かさないでください……」,"""Cash!? ... ... well, do not be surprised ... ...."""
:197,「あ、私にご用ですか？」,"""Oh, you want me?"""
:198,「[H姓]さんって、周りから頼られる方じゃない？　優しいし、落ち着いてるし」,"""[H姓] is not a reliance from the surroundings? It is kind and calm."""
:199,「相談事を持ちかけられる機会は多いですね。もし頼ってくれているのなら嬉しいです」,"""There are many opportunities to offer counseling, I'd be happy if you depend on me."""
:200,「どうでしょうか。あまり意識したことはありませんね」,"""How is it, I have not been conscious of much,"""
:201,「テレビってよく見る？」,"""Do you often watch TV?"""
:202,「そうですね。ドキュメンタリー番組はよく見ます」,"""Well, I often watch a documentary program."""
:203,「あまり見ませんね。ニュースぐらいでしょうか」,"""I do not see much, is it about news?"""
:204,「朝食はちゃんと食べる？」,"""Do you eat breakfast properly?"""
:205,「ええ、勿論です。でなければ、頭も身体も栄養不足になってしまいますから」,"""Yes, of course, otherwise my head and body will be undernourished."""
:206,「基本的には食べるようにしていますが、時間がないときは簡単に済ませてしまいますね」,"""Basically I try to eat but when I do not have much time I do it easily."""
:207,「映画って観に行ったりする？」,"""Do you go to a movie as a view?"""
:208,「よく行きますよ。特に恋愛ものが好きなんです」,"""I often go there, especially I love romance things."""
:209,「劇場ではあまり。レンタルをして家で見ることが多いです」,"""There are not many in the theater, we often rent it and see it at home."""
:210,「あ、あの……もしよろしければ他のお話をしませんか？」,"""Ah, that ... ... If you do not mind talking about other things?"""
:211,「そう言えば、今朝学園に来る途中――」,"""By the way, on my way to school this morning -"""
:212,「あら。なかなか稀有な経験をされたのですね」,"""Oh, it was a pretty rare experience,"""
:213,「キスに憧れてたりする？」,"""Are you adored to a kiss?"""
:214,「ふえっ？……そ、それはまあ……私も女子ですから、人並みには……」,"""Well ... that ... well ... that's okay ... because I am a girl, so it's a crowd ..."""
:215,「キスそのものと言うより、キスをするような状況に憧れがありますね」,"""There is a longing for a situation like kissing rather than saying a kiss itself."""
:216,「年の差とか身分の差を超えた恋愛って憧れる？」,"""Do you adore romance exceeding the difference of years or status?"""
:217,「はい。厳しいことも多いとは思いますが、ロマンチックだと感じます」,"""Yes, I think there are many strict things, but I feel romantic."""
:218,「どうでしょう。素敵だとは思うのですが、憧れるかどうかは……」,"""How about it, I think it's nice, but whether I admire ... ...."""
:219,「結婚を意識したりする？」,"""Are you aware of marriage?"""
:220,「徐々に意識するようになってきましたね。い、いえ、今すぐにというわけじゃないですよ？」,"""I gradually became conscious, is not it, no, is not it right now?"""
:221,「両親から、よく結婚の話はされるのですが……私自身はそこまで意識していませんね」,"""My parents often talk about marriage ... I myself are not conscious of that."""
:222,「もし誰かと付き合うことになったら、同棲ってしてみたい？」,"""If you decide to go out with someone, would you like to live together?"""
:223,「そ、そうですね……お互いをより理解し合うために必要ではないかと思います」,"""Well, that's right ... I think that it is necessary to understand each other better."""
:224,「どうでしょう……。まだなんともお答えできませんね」,"""How is it ... I still can not answer anything yet"""
:225,「少し照れくさいですね。別のお話にしませんか？」,"""You are a bit embarrassed, are not you going to talk about another?"""
:226,「昨日見たテレビでやってたんだけど――」,"""I was doing on TV I saw yesterday,"" -"
:227,「立場を越えた恋愛……素敵です」,"""Romance beyond the position ... it is wonderful"""
:228,「エッチの知識っていつぐらいから持つようになった？」,"""How long have you been acquiring knowledge of etch from?"""
:229,「ええっ？　詳しくは覚えていませんが、小学校高学年くらい……でしょうか」,"""Well, I do not remember details, but about the elementary school grade, is it ...?"""
:230,「そ、そのような質問には答えられません……！」,"""Well, I can not answer such a question ...!!"""
:231,「両親がエッチしてるところ、見たことある？」,"""Where have your parents been sexually exposed?"""
:232,「ええと……幼少の頃に一度……その時は、なにをしているのかわかりませんでしたけど」,"""Um ... ... Once in a childhood ... Once, I did not know what I was doing at that time."""
:233,「こ、答えづらい質問をしないでください……」,"""Do not ask this hard to answer question ... ...."""
:234,「小説で際どいシーンが出てきた時って、想像しちゃう？」,"""Do you imagine when novel scenes come out?"""
:235,「それは、その…………時々」,"""That, that ... ... ... .... sometimes"""
:236,「ええっ？　その、あの……ご、ご想像におまかせします！」,"""Well, that, that ... ... we will leave it to your imagination!"""
:237,「女の子も実はエッチって聞くけど本当？」,"""I heard that girls are actually etched, but is it true?"""
:238,「どうなのでしょう。知識としては持っていると思いますよ、大事なことですから」,"""How about you, I think you have it as knowledge, because it is important."""
:239,「またストレートな質問ですね。もう少しオブラートに包んだ方が良いですよ？」,"""It's also a straight-forward question, should you wrap it in oblate a bit more?"""
:240,「さすがに、そのような話題ははばかられると思うのですが……」,"""As expected, I think that such topics will be toppled ...."""
:241,「たまたま、クラスの子が話してるのが聞こえてきたんだけど――」,"""I happened to hear that the child of the class is talking -"""
:242,「そ、それは聞かないでおいた方が良かったと思います……！」,"""Well, I think it was better to leave it alone ...!"""
:243,「異性の方とお話をしていて、これ程落ち着くなんて。あなたはどうですか？」,"""I'm talking to the opposite sex person and I feel like calming down like this."""
:244,「あっ……嬉しいです。きっと、あなたとだから……ですよね」,"""Ah ... ... I'm happy, I bet you are with you ..."""
:245,「そ、そうですか……私だけだったのですね」,"""Well, that's right ... it was only me."""
:246,「コーヒーはブラックで飲まれますか？」,"""Can you drink coffee in black?"""
:247,「そうですよね。私は、コーヒー本来の味を堪能したいと思っていて」,"""That's right, I think I want to enjoy the original taste of coffee."""
:248,「私と一緒ですね。少し甘くして飲むのが好きなんです」,"""It's with me, I like to drink a little sweet."""
:249,「辛い食べ物は平気ですか？」,"""Is spicy food okay?"""
:250,「ふふっ。わかります。食べ始めると手が止まらなくなってしまいます」,"""Oh, I know ... I can not stop my hand if I start eating"""
:251,「私も得意ではありませんね。以前、辣子鶏という料理を食べた後お腹が……」,"""I am not good at it.I used to have a stomach after I ate a sardine chicken ......"""
:252,「甘い物はよく食べますか？」,"""Do you eat sweets often?"""
:253,「ふふふっ。甘い物は正義だと思います♪」,"""Hehuu, I think sweet things are justice ♪"""
:254,「あら。意外なところで意見が一致しましたね」,"""Oh, they agreed in an unexpected place"""
:255,「伺うのが恥ずかしいのですが……む、胸の大きさに好みはありますか？」,"""I'm embarrassed to ask ... but, do you have preference for the size of your chest?"""
:256,「そうですか。ふぅ……いえっ、安心してなどいませんよ？」,"""Is that so? ... Fuu ... Do not you feel relieved?"""
:257,「可もなく不可もなしって、実は大事なことだと思うんです」,"""I think that it is really important that it is not possible or impossible."""
:258,「ほ、本当ですか？　勇気を出して聞いてみて良かったです……」,"""Well, it is true, it was good to ask courage and listen ..."""
:259,「女子の身長なのですが、高いのと低いの、どちらが好きですか？」,"""I am the girls' stature, which do you like higher, lower?"""
:260,「そう言ってくださると嬉しいです。高身長は結構コンプレックスだったので」,"""I am glad to say so, as the height was pretty complex"""
:261,「何事も普通が一番ですよね♪」,"""Normal is the best thing in everything ♪"" ♪"
:262,「えっ？　そうなのですか？　でしたら私、このままでも……」,"""Oh, I see, it would be me, even as it is ..."""
:263,「女子の体型について、意識されたりしますか？」,"""Are you aware of the girls' body shape?"""
:264,「そう……なのですか？　じゃあ無理にダイエットをしなくても良いのかも」,"""Oh ... is that so, maybe you do not have to force your diet."""
:265,「良かった。これまでどおりの食生活で問題なさそうですね」,"""Good, I do not seem to have any problems with my eating habits"""
:266,「なるほど。では、余分なお肉がつかないよう、気をつけないとですね」,"""Well, I guess that you do not have to be careful not to add extra meat."""
:267,「ふむふむ。そのような意見もあるのですね」,"""Hmm, there is such an opinion, too?"""
:268,「ええと……今しなくてはならないこと、ありますよね？」,"""Well ... ... there are things we have to do now, are not you?"""
:269,「……そこまで謝られては、許すしかありませんね」,"""... ... If you apologize to that, you have to forgive"""
:270,「反省しているのはわかるのですが、なぜ私が怒っているか、もっと深く考えてほしいです」,"""I understand that I am reflecting, but I want you to think more deeply as to why I am angry."""
:271,「あ、ええと……じっと見られると、恥ずかしいですね……」,"""Oh, uh ... .... It's embarrassing when you see it peacefully ...."""
:272,「そんなに熱く見つめられると、困ってしまいます……」,"""If you look so hot, you will be in trouble ..."""
:273,「視線を送ってくるということは、なにか気になっていることがあるのでしょうか」,"""Does something matter that you are sending a line of sight?"""
:274,「も、もう……どこを見ているのですか？」,"""Well .... Where are you watching?"""
:275,「これ以上は本当にいけません……っ、お、お願いされてもダメですから……」,"""I can not really do anything more than that ... ... it is useless if asked ... ...."""
:276,「男の方は、やはり胸が好きなのですか……？」,"""Do men still like breasts ...?"""
:277,「……反省の色が見られないのですが」,"""... ... I can not see the color of reflection"""
:278,「ふあぁっ？　わ、私の手がどうかしましたか？」,"""Faa, have you done with my hand?"""
:279,「そんなに何度も握られたら、手がふにゃふにゃになってしまいます！」,"""If you hold it so many times, your hands will be crowded!"""
:280,「選挙活動でもないのですから、あまり手を握られても……」,"""Because it is not an election campaign, even if you hold too much hand ... ..."""
:281,「きゃっ！　え、えええ、エッチです……！」,"""Yeah, yeah, yeah, it's horny ...!!"""
:282,「ですからダメですって！　本当ですよっ？」,"""That's why it's wrong! Is it true?"""
:283,「そこを触られると変な感じに……な、なったりしませんから！　触れてはダメです！」,"""If you touch it there you are strangely ... ... and it will not be, do not touch it!"""
:284,「あの……もしかして私、甘やかされているのでしょうか」,"""Ah ... ... maybe I am being spoiled?"""
:285,「あ、頭が沸騰しそうになってきたので、本当にダメです……あうぅぅ」,"""Oh, my head is about to begin to boil, so it's really bad ... ...."""
:286,「ダメですよ？　は、恥ずかしいですから……」,"""I'm useless, because I am ashamed ... ...."""
:287,「ひゃんっ！　あ、あまりツンツンしたらいけませんからね？」,"""Huh! Oh, because we do not have much time, are not you?"""
:288,「言うことを聞かない方には……お、お仕置きしてしまいますよ？」,"""If you do not listen to what you say ... you will be punished?"""
:289,「触れられているところが熱く……も、もうおしまいです！」,"""The place being touched is hot ... ... is already over!"""
:290,「私に触れる前に、ご自身の胸に手を当ててみてはどうですか？」,"""How about trying to put your hands on your own chest before you touch me?"""
:291,「あなたと話していると、あっという間に時間がすぎていきますね」,"""When you are talking to you, time will pass in no time,"""
:292,「あ、あの……もっとお話してくれますか？」,"""Ah, that ... ... could you tell us more?"""
:293,「こうやってあなたといる時間、私は好きですよ」,"""I like it this way with you."""
:294,「なにか考え事ですか？」,"""What are you thinking?"""
:295,「じっと黙り込んで……いったいなにを考えているのですか？」,"""Just silently ... What on earth are you thinking?"""
:296,「こう見えて怒っているんですよ？……失礼しますね」,"""You look angry and angry? ... ... I will excuse myself."""
:297,「もう少し、頭を冷やされた方が良いかもしれませんね」,"""It may be better to chill your head a bit more"""
:298,「この時間がもっと続けばいいと、最近は思います」,"""I think recently I hope this time will last longer."""
:299,「そろそろ時間ですね。次は、もっと踏み込んだ話をしても……良いですよ？」,"""It's about time so it's not bad, next time I talk a bit more into the story ... good."""
:300,「では、私はこのへんで。失礼しますね」,"""Well, I'm going out of this, I will excuse myself."""
:301,「あっ、もう時間……。名残惜しいですが、さよならですね」,"""Ah, it's already time .... I am sorry but goodbye."""
:302,「はい。またお話しましょうね」,"""Yes, let's talk again"""
:303,「俺……きみのことが好きなんだ」,"""I ... ... I like you,"""
:305,「あ……まだそのような関係になるのは……すみません」,"""Ah ... ... I still have such a relationship ... ... I'm sorry"""
:306,「やっぱり[H]のことが好きなんだ」,"""After all I like [H]."""
:307,「改めて自分の気持ちを考えてみました。私もあなたが好きです」,"""I thought about my feelings again, I like you as well."""
:308,「ごめんなさい。まだ自分の気持ちがわからないんです……」,"""I'm sorry, I do not yet understand my feelings ..."""
:309,「あ、あのっ。もしよろしければ、私とお付き合いしてくれませんか？」,"""Oh, well, if you do not mind, would you like to go out with me?"""
:310,「ほ、本当ですか？　ええと……よろしくお願いしますっ！」,"""Well, is it true? Uh ...... Thank you!"""
:311,「あっ……そ、そうですよね、やはり私では……」,"""Ah ... ... well, that's right, after all I am ... ...."""
:312,「あの……どうしてもあなたを諦めることができなくて……ダメ、ですか？」,"""Ah ... ... I can not give up for yourselves ... ... Wrong?"""
:313,「……えっ、良いんですか？　本当に？……はぁ、思いが通じました……」,"""...... Well, is it really good? ...... Ha, I could communicate ... ...."""
:314,「あははは……はい、わかっていました。でもまだ、好きでいさせてほしいです」,"""Haha ... .... Yes, I knew but I still want you to like it."""
:315,「ええと……きみとエッチしたいんだけど……」,"""Well ... ... I'd like to make you like you ..."""
:317,「すみません……お付き合いしていない方とするのは……」,"""I'm sorry .... Who do not associate ... ...."""
:318,「エッチしたいんだ。良いかな」,"""I want to etch."
:319,「か、構いませんが、私たちは友人同士なのですからね？」,"""Well, I do not mind, because we are friends, are not you?"""
:320,「い、いけません……友だち同士なのですから……」,"""Yes, I can not ... ... because my friends are together ..."""
:321,「ここでエッチしたいんだ」,"""I want to etch you here"""
:322,「周りに人がいる状況でなんて……仕方のない変態さんですね」,"""There are people in the surroundings ... What a hentai, there is no choice"""
:323,「な、なにを言っているんですか。周囲に人がいるのですよ？」,"""What are you talking about, there are people around you?"""
:324,「ここでエッチしたいんだ」,"""I want to etch you here"""
:325,「こ、ここでですか……他の方に気付かれないよう、注意しましょうね？」,"""Here, where ... ... Do not let others notice it, let's be careful."""
:326,「だ、誰か来たらどうするのですかっ……絶対ダメです……」,"""Well, what if you come up with someone ... ... it's absolutely no good ..."""
:327,「今の関係でこんな提案は破廉恥だとわかっているのですが……私と、え、エッチをしてくれませんか？」,"""I know that this proposal is a shame in the present relationship ... ... Will you please do it for me?"""
:328,「あ、ありがとうございます。すみません、はしたなくて……」,"""Oh, thank you. I'm sorry, I'm disappointed ..."""
:329,「あっ……で、ですよね！……ごめんなさい、きっと血迷ってしまったんです、私」,"""Ah ... it is, is not it !? ... I'm sorry, I'm sure I got blooded, I"""
:330,「よかったらお昼でも一緒にどうかな」,"""Would you like to join us for lunch if you like,"""
:331,「ええ、構いませんよ。学食でよろしいですか？」,"""Yes, I do not mind. Is it okay for me to eat?"""
:332,「すみません。先約がありまして……また誘ってくれたら嬉しいです」,"""I'm sorry, I have a previous appointment ... ... I would be happy if you invite me again"""
:333,「お昼ご飯はどうされる予定ですか？　よろしければ一緒に食べませんか？」,"""What are you going to do for lunch? If you do not mind, why do not you eat together?"""
:334,「ありがとうございます。あなたとの食事はいつも楽しいのです」,"""Thank you, you will always have a good meal with you"""
:335,「わかりました。また今度お誘いしますね」,"""Okay, I will invite you again next time"""
:336,「一緒にコイカツしようよ」,"""Let's do it together"""
:337,「ええ、良いですよ。今日はなにをするのですか？」,"""Yes, that's good, what are you doing today?"""
:338,「すみません、外せない用事がありまして……」,"""Sorry, I have something I can not remove ..."""
:339,「あ、あの……私と部活を……コイカツをしてくれませんか？」,"""Oh, that ... ... Can you play club activities with me ... ...?"""
:340,「ふふっ。ありがとうございます。ちょっとドキドキしますね」,"""Thank you. Thank you. I am a bit pounding."""
:341,「あっ、もしかして他の方との約束がありましたか？」,"""Oh, maybe there were promises with other people?"""
:342,「よければ一緒に帰らない？」,"""Would you like to go home together if you do not mind?"""
:343,「良いですよ。私も帰宅するところだったんです」,"""It's good, I was about to go home."""
:344,「すみません、もう少し残って勉強をしていくつもりなんです」,"""I'm sorry, I am planning to leave a little more and study."""
:345,「あっ、これからご帰宅ですか？　よろしければ一緒に帰りませんか？」,"""Ah, are you coming home from now? Would you like to come home together if it's okay?"""
:346,「ありがとうございます。では行きましょうか」,"""Thank you very much. Shall we go?"""
:347,「ご用事があるなら仕方ありませんね。では、また学園でお会いしましょう」,"""There is no help if there is business, so let's meet again at the school."""
:348,「あのさ。俺とデートしてくれないかな」,"""Well, I guess you would date me."""
:350,「ごめんなさい。あなたと一緒にいるのは楽しいのですが、デートとなりますと……」,"""I am sorry, it's fun to be with you, but as long as it's a date ..."""
:351,「デートしたいんだけど、どうかな」,"""I'd like to date but how about"""
:352,「ええ、ぜひ行きましょう。今から楽しみです」,"""Yes, let's go ahead and I'm looking forward to it now"""
:353,「しばらくお時間が取れそうになくて……すみません」,"""I can not take your time for a while ... ... I'm sorry."""
:354,「えっと……わ、私とデートしませんかっ……？」,"""Er ... I do not date with myself ...?"""
:355,「はあぁ……勇気を出してお誘いして良かったです」,"""Oh ... it was good to invite me with courage."""
:356,「あ、謝らないでください。大丈夫ですから」,"""Oh, please do not apologize, because it's okay."""
:357,「そうだ。一緒に勉強しない？」,"""Yes, why do not you study together?"""
:358,「はい。学生の本分を疎かにはできませんからね」,"""Yes, I can not dismiss students' brains"""
:359,「ごめんなさい、今は難しいですね。また、お互い都合の良いときにご一緒しましょう」,"""Sorry, it is difficult now, let's join together when it's convenient for each other."""
:360,「一緒にお勉強をするというのはどうでしょうか？」,"""How about studying together?"""
:361,「ありがとうございます。誰かと一緒だと、程よい緊張感で勉強できるんです」,"""Thank you. If you are with someone, you can study with modest tension."""
:362,「あっ、そうですか……わかりました、一人で頑張りますね」,"""Oh, is that so ... I understand, I will do my best by yourself"""
:363,「ちょっと身体を動かそうと思うんだけど、一緒にどう？」,"""I think I'll move my body a bit, but how about together?"""
:364,「あっ、ではご一緒させてもらいます。なにをするんですか？」,"""Ah, I will bring you together, what will you do?"""
:365,「ごめんなさい。ご一緒する時間が取れなさそうです……」,"""I'm sorry, it looks like I can not have time to join ..."""
:366,「ご迷惑じゃなければ、なにかスポーツでもしませんか？」,"""If you're not a nuisance, will you do something with sports?"""
:367,「あら、まるでスポーツマンのような気持ちの良いお返事ですね。ふふふっ」,"""Oh, it is a pleasant reply like a sportsman."
:368,「すみません。そのような気分ではありませんでしたか？」,"""I'm sorry, was not it such a feeling?"""
:369,「実際にコイカツ部に入ってみない？」,"""Do you really want to enter the Koi cut part?"""
:371,「ちょっと即答はできませんね……考える時間をいただけますか？」,"""I can not answer quickly for a moment ... can I have the time to think about it?"""
:372,「あの、不躾なお願いだとは思うのですが、コイカツ部に入部させてもらえませんか？」,"""Well, I think that it is an unreasonable request, but would you let me join the Koikatsu Department?"""
:373,「ちょっと付いてきてほしんだ」,"""Come with me for a moment"""
:374,「はい。なんですか？」,"""Yes, what is it?"""
:375,「あ、ええと……今はちょっと……ごめんなさい」,"""Oh, uh ... .... now a bit ... ... I'm sorry"""
:376,「まったくもう……本当に仕方のない人なんですから」,"""Totally anymore ...... I really can not help it"""
:377,「もう、気をつけてくださいね。他の方に気付かれてしまいますよ？」,"""Please be careful, you will notice others, do not you?"""
:378,「着替えを覗く趣味がおありなんですか？」,"""Do you have a hobby looking into changing clothes?"""
:379,「他の方々もいらっしゃいますし、今はダメですよ？」,"""There are other people, is not it right now?"""
:380,「……また次の機会にしていただけますか？」,"""... Would you mind making the next opportunity again?"""
:381,「なんですか？　もう……」,"""What is it? ..."""
:382,「あら、もう時間が……もっとお話していたいのですが、残念です……」,"""Oh, I already have time ... I'd like to talk more, sorry ..."""
:383,「こ、こうしてじっくり見られると、やっぱり恥ずかしい……あうぅぅ」,"""Here, when you look carefully in this way, it's embarrassing ... after all"""
:384,「むぅ。誰の下着を見ているのですか？」,"""Muu: Whose underwear are you seeing?"""
:385,「身体のラインがわかってしまう格好は、やはり恥ずかしいですね」,"""The appearance that the line of the body understands is still embarrassing, is not it?"""
:386,「他の女の子にも興味が？」,"""Are you interested in other girls?"""
:387,「この場所は、静かで考え事をするのに丁度いいですよね」,"""This place is exactly right to be quiet and thinking, is not it?"""
:388,「二人でゆっくりしませんか？」,"""Would you like to relax with two people?"""
:389,「下駄箱にラブレター……共学でしたら、そういうこともあるのかもしれませんね」,"""Love letter in a shoe box ... ... If it is co-education, there may be such things"""
:390,「どこへ行くのかドキドキです」,"""I am excited about where I will go."""
:391,「い、いくらなんでもここはダメです！　恋人同士でもいけません！」,"""No, I can not do anything here, not even between lovers!"""
:392,「本を読んで、デートの予習はばっちりです」,"""Reading books, dating preps are perfect"""
:394,「恋をする気持ち……初めて感じています」,"""I feel like falling in love ...... I feel it for the first time."""
:395,「あなたとでしたら……ど、どのようなことでもできます……！」,"""If you were with you ..., you can do anything ...!"""
:396,「あなたが見てくれているのなら、もっともっと頑張れます」,"""If you see me, I can do my best more."""
:397,「見学していきますか？　私も、あなたと一緒にいたいので」,"""Would you like to visit? I want to stay with you,"""
:398,「私とコイカツしてくれませんか？　ふふっ」,"""Can you please play with me? Huhu"""
:399,「お昼ご飯、ご一緒にいかがですか？」,"""How about having lunch with you?"""
:400,「一日中、あなたのことを考えてしまいました。上の空だと、友人に心配されてしまって……」,"""I thought of you all day long, if I am above you my friends worried me ..."""
:401,「きゃっ？　も、もう……私を驚かして楽しんでいませんか？」,"""Ka-ha, well ... have not you enjoyed surprising me?"""
:402,「お話、たくさんしましょうね」,"""Let's talk a lot, do not you?"""
:403,「ついついやっちゃう癖ってなにかある？」,"""Is there anything quirky about doing?"""
:404,「うーん、癖ですか…………あっ、深く考え込んでしまうこと、でしょうか」,"""Well, is it a habit ............ ah, is it to think deeply?"""
:405,「思い当たるものは特に……ですが、無くて七癖と言いますから、きっとあると思います」,"""Especially what I'm thinking is ... ... but I do not need to say seven habits so I think there will be surely there"""
:406,「子どもの頃の思い出ってなにかある？」,"""What sort of memory do you have as a child?"""
:407,「ピアノのコンクールで優勝したことですね。両親もとても喜んでくれました」,"""It was that I won the piano competition and my parents were very happy."""
:408,「すぐには思いつきませんね。その、あなたといる今が、素敵な思い出になる……ではいけませんか？」,"""I will not come up with it right now, that will be a wonderful memory now, with you ... ...."""
:409,「外食ってする方？」,"""Are you going to eat out?"""
:410,「そうですね。休日はよく、両親とレストランへ行きますよ」,"""Well, I often go to a restaurant with my parents on holidays."""
:411,「いえ、あまり。家での食事が多いですね」,"""No, there are a lot of meals at home."""
:412,「将来の夢ってなにかある？」,"""Is there any future dream?"""
:413,「進みたい方向は決めています。具体的な部分はこれからですね」,"""I've decided the direction I want to go forward, the concrete part is now to come."""
:414,「まだ迷っている最中なんです。自分を見つめ直す時間が必要かもしれません」,"""I am still in doubt, I may need time to look back on myself."""
:415,「ごめんなさい。別のお話でも大丈夫ですか？」,"""I am sorry, is there any other story?"""
:416,「この間寝坊しちゃってさ。遅刻ギリギリだったよ」,"""I overslept while I was late. I was late for the night."""
:417,「ふふっ。今度からモーニングコールをして差し上げましょうか」,"""Hehuu, Shall I give you a wake-up call from now?"""
:418,「この間寝坊しちゃってさ。遅刻ギリギリだったよ」,"""I overslept while I was late. I was late for the night."""
:419,「ふふっ。今度からモーニングコールをして差し上げましょうか」,"""Hehuu, Shall I give you a wake-up call from now?"""
:420,「恋人とは毎日会いたい？」,"""Do you want to see a boyfriend every day?"""
:421,「それはもちろんです。とは言え、平日は学園でお会いできますけれどね」,"""Of course it is, but of course we can meet at the school on weekdays."""
:422,「できれば。ですが、お互いの都合も考慮できれば、とも思います」,"""But if you can, I would also consider if you can consider each other's convenience."""
:423,「デートスポットって自分でも調べたりする？」,"""Do you want to investigate date yourself?"""
:424,「はい。最近は雑誌から情報を得ていますよ」,"""Yes, recently I got information from magazines."""
:425,「どちらかと言えば、あなたにお任せしてしまいたい……かもしれません」,"""If anything, I'd like you to leave it to me ..."""
:426,「理想の恋人像ってある？」,"""Do you have an ideal girlfriend?"""
:427,「えっ？　そ、それは……あなたみたいな方、です」,"""Well, that is ... you are those you like,"""
:428,「そのようなことはあまり考えませんね。一緒にすごしていく中で、理想も変わっていくと思いますし」,"""I do not think much about such things, I think that the ideals will change also as they spend time together."""
:429,「恋人になら、無防備なところを見られても平気？」,"""If you are a girlfriend, are you OK if you see unprotected places?"""
:430,「え、ええと……あなたにでしたら……はい」,"""Well, uh ... ... if you were ... ... Yes."""
:431,「程度にもよりますが、あまりにも恥ずかしいところは……」,"""Depending on the degree, it is too embarrassing ... ...."""
:432,「なんだか照れくさいですね。こ、この話題はなしにしましょう……！」,"""Somehow it is embarrassing, let's not talk about this topic ... ...!"""
:433,「好きだよ」,"""I love you"""
:434,「はうっ？　い、いきなりそのようなことを言われると、身体が熱く……」,"""Wow, that suddenly said such things, the body is hot ... ..."""
:435,「もっと傍に行っていい？」,"""Can I go closer by?"""
:436,「こ、これ以上は抱き合うような形になってしまいますよ……？」,"""Here, it will be shaped like embracing more ...?"""
:437,「特に感じやすい場所は？」,"""What is the location that makes you particularly comfortable?"""
:438,「そ、それは……せっ、性感帯ということですか？　よくわかりません……！」,"""Well, that's ... ... Huh, is that the erogenous band? I do not quite understand ...!!"""
:439,「感じやすい場所……はっ？　も、もしかしてエッチな意味でしたか？」,"""Where it feels easy ...... Ha ha, could it be that it was horny?"""
:440,「エッチな気分になることって、よくある？」,"""Is it common to get into a moodful mood?"""
:441,「えっ？　そ、それは……ないわけではないですが、たまにですよ？」,"""Well, that is ... not not that, but it is occasion?"""
:442,「あ、あると答えたら……どうするのですか？」,"""Ah, if you answer that ... ... what do you do?"""
:443,「オナニーってしたりする？」,"""Would you like to masturbate?"""
:444,「うっ……と、時々、あなたのことを思って……」,"""Wow ... ... and sometimes, thinking about you ..."""
:445,「そ、そのようなことを聞いて、いったいなにをしようと？」,"""What on earth do you do with such things?"""
:446,「自分のこと、エッチな方だと思う？」,"""Do you think you are an erotic person?"""
:447,「ええと……あ、あなたの前限定でなら……」,"""Um ... .... Oh, if it's your front limit ..."""
:448,「もう……自分ではわかりません。確かめて……みますか？」,"""I do not understand myself .... Do you see ... ....?"""
:449,「このお話はおしまい、おしまいです！」,"""This story ends, it is over!"""
:450,「エッチってやっぱりムードも大切だよね」,"""The mood is also important as it is absolutely erotic"""
:451,「そうですね。そのあたりも信頼していますよ？」,"""Well, I trust that place too?"""
:452,「この前読んだっていうあの小説――」,"""That novel that I read this before -"""
:453,「違うんです！　偶然、偶然そのようなシーンが挿入されていたんです！」,"""It is wrong! Coincidentally, such a scene was inserted by accident!"""
:454,「あの……私、恋愛に対してもっと積極的になった方が良いですか？」,"""Ah ... ... Should I become more aggressive in love?"""
:455,「わかりました。あなたがそう仰るなら、頑張ってみますね」,"""Okay, I will do my best if you say that."""
:456,「ありがとうございます。そのままの私を、さらに好きになってもらえるよう、努力します」,"""Thank you, I will make an effort to make you more like me as it is"""
:457,「マイペースな恋人って、お付き合いしていて大変ではありませんか？」,"""Is not it hard to have a relationship with your self-paced lover?"""
:458,「そ、そうですよね。あまりご迷惑をかけないように気を付けます」,"""Well, that's right, I will be careful not to inconvenience you too much."""
:459,「そうですか。気にされてないのでしたら良かったです」,"""Okay, I wish I had not been bothered."""
:460,「恋に恋をする、というのはありなのでしょうか」,"""Is there anything that makes love in love?"""
:461,「少々現実離れしているかもしれませんが、ロマンチックですよね」,"""It may be slightly out of reality, but it is romantic, is not it?"""
:462,「しっかりと現実を見つめてこそ、わかることがあるのかもしれないですね」,"""It may be that there is something you can understand only by firmly seeing the reality."""
:463,「このまま時間が止まってくれれば……と思うことが最近良くあるんです」,"""There is often something that I think ... if time keeps going like this ..."""
:464,「俺もだよ」,"""I am also"""
:465,「本当ですか？　ふふふっ。嬉しいです」,"""Really? Hehe he is happy."""
:466,「ずっと夢物語だと思っていた“恋”――あなたと初めてすることができました」,"""I thought it was a dream story forever"" Love ""- I was able to do it for the first time with you"""
:467,「実際に恋してみてどう？」,"""How about actually being in love?"""
:468,「毎日、今まで以上に幸せを感じられています」,"""Every day I feel happier than ever."""
:469,「ふと、あなたとの将来を想像することがあります」,'Sometimes I imagine the future with you'
:470,「もしかして、結婚とか？」,"""Maybe you mean marriage?"""
:471,「は、はい……いずれはそうなるのかも、と」,"""Yes, ... which one will be,"""
:472,「あ、あの……私の胸、好きですか？」,"""Oh, that ... ... Do you like my breasts?"""
:473,「……はぁ、良かったです。大きいからこそできることで、あなたを満足させて差し上げますね」,"""... ... It was good, something that can only be done because of being big, will satisfy you and give it to you"""
:474,「大き過ぎず小さ過ぎず、普通を愛してくれて嬉しいです」,"""I am happy that you are not too big, not too small, I love normal."""
:475,「胸の小ささはコンプレックスだったのですが、あなた好きだと言ってくださるなら、それもなくなりそうです」,"""The smallness of the chest was a complex, but if you tell me you like it, that is going to disappear."""
:476,「私の身長、あなたにとって丁度良いですか？」,"""Is my height just right for you?"""
:477,「ふふふっ。これからも、胸を張ってあなたの隣を歩いていきますね」,"""Hehuu, I will keep my chest up and walk next to you."""
:478,「これくらいの身長差が、なんだか心地良いですね」,"""The height difference is quite comfortable, is not it?"""
:479,「こうして見上げるあなたの顔が……とても好きなんです」,"""Your face looking up like this ... I really like it."""
:480,「恋人の体型はやはり気になるものでしょうか……私は今のままでも問題ないですか？」,"""Is your boyfriend's body shape obscure? ... Is it OK for me as it is now?"""
:481,「安心しました。けれど、太り過ぎないように注意しますね」,"""I felt relieved but I am careful not to overweight"""
:482,「体型の維持は大変ですが、あなたに好きでい続けてもらうために日々努力します！」,"""Maintaining your body shape is tough, but I will make every effort to keep you loving!"""
:483,「細身ですと病弱だと思われることも多くて……ですが、もう気にしません」,"""There are many things that seems to be weak if it is slender ... but it does not matter anymore."""
:484,「そう仰る割には、時々エッチな視線を感じるのですが……」,"""Sometimes I feel an eccentric line of sight, to the contrary ..."""
:485,「むぅ……悪いことをしたときには、きちんと謝ってほしいです」,"""Muu ... ... When you do bad things, I want you to apologize properly"""
:486,「はい、これで仲直りです。改めて、よろしくお願いしますね」,"""Yes, I am reconciled with this, again again, thank you."""
:487,「すみません。もう一度言ってくれませんか？」,"""Excuse me, could you say that again?"""
:488,「ふふっ。なんですか？」,"""Hehu, what is it?"""
:489,「さすがに恥ずかしすぎるので、なにか言ってください……」,"""As you are too embarrassed, please say something ..."""
:490,「そ、そんなに見ていたいのですか？」,"""Well, do you want to see so much?"""
:491,「あうぅ……な、なにか妙な期待をしていませんか？」,"""Oh no ... Do you have anything strange to expect?"""
:492,「む、胸を見るのはここまでです……！」,"""Mum, it's time to see your chest ... ...!"""
:493,「まったくもう……本当にお好きなのですね」,"""It's all right ... really, do not you think?"""
:494,「しっかり謝ることができたら、ご褒美として……見てもいいですよ？」,"""If you can apologize well, as a reward ... ... can I see?"""
:495,「あっ……あなたの手、温かくて安心します」,"""Ah ... ... your hands are warm and secure"""
:496,「あ、握手してばかりではお話ができませんから。ね？」,"""Ah, I can not talk with just shaking hands."""
:497,「あの……私の手、汗ばんだりしていませんか？」,"""Ah ... ... My hands, are not you sweating?"""
:498,「ぁんっ……こ、このようなところで触るのは……」,"""Oh ...... Here, touching in such a place ..."""
:499,「触るだけではなく揉もうとしていませんか……？」,"""Are you trying not to just touch it but to break up ...?"""
:500,「で、ですからこんなところで……んぁ、も、もう……」,"""So, so in such a place ......, well, already ..."""
:501,「こうして頭を撫でられると、ほっとします」,"""When you stroke your head like this, I feel relieved."""
:502,「そ、そこまで撫でられると、ペットになったような気分です……」,"""Well, I feel like I was a pet when I got caught there ..."""
:503,「はあぁ……気持ち良くて力が抜けてしまいそう……」,"""Ah ... .... It feels good and my strength will fall out ..."""
:504,「あっ……頬に触れられるのも気持ちが良いです」,"""Ah ... ... I can feel touching my cheeks is good"""
:505,「ええと、その……私で遊んでいるわけではないですよね？」,"""Well, that ... ... are not you playing with me?"""
:506,「あまりムニムニされると恥ずかしいです……」,"""It is embarrassing if it is done too much Munimuni ......"""
:507,「まずはごめんなさいをしましょう？」,"""First let's do sorry,"""
:508,「時間が経つにつれ、好きという気持ちがどんどん大きくなっています」,"""As time goes by, the feeling of liking is growing bigger and bigger."""
:509,「お話しているだけでは、物足りなくなってきちゃいました……」,"""Just talking, I'm getting out of sight ... ...."""
:510,「まだお時間ありますよね。もっとお話しましょう」,"""You still have time. Let's talk more."""
:511,「言葉をかわさなくとも、心地よい時間は作れるものなのですね」,"""You can make a comfortable time without losing your words,"""
:512,「今の状態で黙り込まれると、私悲しいです……」,"""When I get quiet in my present state, I am sad ... ...."""
:513,「このままお話をしていても楽しくなれないと思うので……すみません」,"""I think that I can not have fun even if I talk about this ... ... I'm sorry"""
:514,「本当ならたくさんお話をしたいのですが……今のあなたとは難しそうです」,"""I would like to talk a lot if true, but it seems to be difficult with you now."""
:515,「また少し時間が空いてしまうかと思うと、寂しいですね」,"""I feel lonely when I think that I will have a little more time."""
:516,「次こそは“いろいろ”しましょう……ね？」,"""Let's do something"" next time ... is not it? """
:517,「次の機会が待ち遠しいです。ふふふっ」,"""I can hardly wait for the next opportunity."
:518,「わかりました。またぜひ楽しい時間をすごしましょう」,"""Okay, let's have a good time again by all means"""
:519,「はい、それではまた」,"""Yes, then again"""
:520,「えっ。別れたい、ですか？　私が望んでいるのはもっと別のことなのですが……上手く伝えられなかったようですね」,"""Well, I would like to break up, it is a different thing that I want, but it seems I could not say it well"""
:523,「ここで別れるのが、お互いのためかもしれませんね」,"""It might be for each other to break up here,"""
:525,「あっ……は、はい……では、シましょうか……」,"""Ah ... .... Yes, ... Should I ......"""
:526,「じ、自分でもはしたないと思っているのですが……私とエッチしてくれませんか？」,___ ___ ___ 0 ___ ___ 0 ___ ___ 0
:527,「良かった……シたいと思っていたのは、私だけではなかったのですね」,"""It was good ... that I was not the only one who wanted to shy"""
:528,「あうぅ……そうですよね、いきなりこのようなお願い、やはり破廉恥ですよね」,"""Auu ... Yes, that is right, suddenly this kind of asking, it is shameful, is not it?"""
:529,「ここで[H]とエッチしたいんだ」,"""I want to etch with [H] here"""
:530,「も、もう。仕方ないですね。皆さんからエッチなカップルだと思われてしまいますよ？」,"""Well, it can not be helped, you guys think it is a horny couple from you?"""
:531,「あなたがそういう方だとはわかっていますが、往来で事に及ぶのはいけません」,"""I understand that you are that way, but do not go to things by traffic"""
:532,「ここで[H]とエッチしたい」,"""I want to etch with [H] here"""
:533,「だ、誰か来るかもしれませんよ？……あっ、でも……それがドキドキに繋がりそう、ですよね」,"""Well, someone may come? ... but ... but it seems to be connected to pounding, is not it?"""
:534,「だ、ダメです。誰かに見つかったら、普通にお付き合いをするのも難しくなるかもしれないのですよ？」,"""Well, it is useless, if you find it, it might be difficult to get along with us normally?"""
:535,「ええ、良いですよ。好きな人と一緒に食べるご飯……素敵です」,"""Yes, it's good, food to eat with people I love ... ... nice."""
:536,「お昼ご飯、ご一緒にいかがですか？　どうしてもあなたと食べたくて」,"""How about having lunch with your friends?"
:537,「では行きましょうか。ふふっ。最近、どんなときもあなたの顔が浮かぶんです」,"""Well then, why do you want to go?"" Recently, your face has come up at any time recently. """
:538,「あっ……残念ですが仕方ありませんね。また今度、ご一緒しましょうね？」,"""Ah ... .... I'm sorry, but it can not be helped. Let's join us again next time, is not it?"""
:539,「ぜひお願いします。今日はどんなことをしてすごしましょうか」,"""Please do, what kind of things are you going to do today?"""
:540,「今日は私と一緒にコイカツしませんか？　ふふっ。こちらからお誘いしてしまいました」,"""Will not you play with me today, I heard, I invited you from here."""
:541,「ありがとうございます。あなたと同じ時間を過ごせて、私幸せです」,"""Thank you. I'm happy to spend the same time with you."""
:542,「そ、そうですか。都合が悪かったですか？　また声を掛けますね」,"""Well, was not it inconvenient? I will call out again."""
:543,「はい。それでは支度してきますね」,"""Yes, I will prepare for it."""
:544,「あら、丁度良いところに。一緒に帰りませんか？」,"""Oh my good place, are not you going home together?"""
:545,「ええ。それでは帰りましょう。寄り道も、少しでしたら良いですよ」,"""Well, let's go home, I wish a little downtown,"""
:546,「わかりました。また今度ですね。お気をつけて帰ってください」,"""Okay, see you next time. Please take care and return home."""
:548,「良いですよ。ふふっ、どんな服を着ていこうかしら」,"""Okay, I'm fine, what kind of clothes are you going to wear?"""
:549,「次のお休みの日、デートをしませんか？」,"""Would you like to date on the next day off?"""
:550,「あっ……ありがとうございます。思い切ってお誘いして良かったです」,"""Ah ...... Thank you. I was good to invite you."""
:551,「もしかしてなにかご予定が……あっ、いえ！　そちらを優先させてください！　私は大丈夫ですから」,"""Maybe something is going on ... ... Oh no, please give priority to that one! I am OK."""
:552,「はい。学生の本分を疎かにはできませんからね」,"""Yes, I can not dismiss students' brains"""
:553,「これから、少しお勉強をしませんか？」,"""From now on, will you not study a little?"""
:554,「良かった。それでは始めましょうか」,"""Good, so let's get started."""
:555,「わかりました。一人で勉強することにします」,"""I understand, I will study alone."""
:556,「構いませんよ。あっ、でも……え、エッチなことはダメですからね？」,"""Okay, but ... but ... it's useless, is not it?"""
:557,「よろしければ身体を動かしませんか？」,"""Would you like to move your body if it's ok?"""
:558,「健康のためには運動が重要ですからね。さあ、着替えましょう」,"""Because exercise is important for health, let's change."""
:559,「そうですか……ではまた次の機会にお願いしますね」,"""Is that so ... ... please do it again on the next occasion?"""
:560,「ちょっと付いてきてもらって良いかな？」,"""May I come along for a moment?"""
:561,「ええ、良いですよ。あの……手、繋ぎましょうか」,"""Yes, it's okay ... Ummm ... ... hands, shall we connect?"""
:562,「……どこへ連れて行くつもりですか？」,"""... Where are you going to take?"""
:563,「はい」「そうですね」「確かに」,"""Yes"" ""That's true"" ""Surely"""
:564,「そう……でしょうか」「う、うーん……」「どうでしょうか」,"""Oh ... is it?"" ""Well, hmm ... ..."" ""How about you?"""
:565,「ええ」「なるほど」「へぇ」「そうなのですね」「ほうほう」,"""Yeah"" ""I see,"" Hey """" That's right """" Houhou """
:566,「わわっ……」「わっ」「えっ？」,"""Wow ... ..."" ""Wow"" ""What?"""
:567,「わあぁ♪」「ふふっ」「あら♪」,"""Wow ♪"" ""Huhu"" ""Oh ♪"""
:568,「むうぅ……」「むっ……」「じー……」,"""Muu ... ..."" ""Mumu ... ..."" ""Ju ... ...."""
:569,「あうぅ……」「はぁ……」「ふぅ……」,"""Auu ......"" ""Huh ... ..."" ""Fuu ... ...."""
:570,「ふふふっ」「うふふっ」「くすっ」,"""Hehuhuu"" ""Uhufu"" ""Kusu"""
:571,「は、恥ずかしいです……」「うぅっ……」「あ、ううぅ……」,"""It's embarrassing ... ..."" ""Uoo ... ..."" ""Oh, uh ......"""
:572,「あっ、そう言えば――」「実はですね」「そうそう」「知っていますか？」,"""Oh, that's it -"" ""Actually, are not you?"" ""Oh yeah,"" ""Do you know?"""
:574,「あのさ、[Hあだ名]」,"""Well, [Hあだ名]"""
:575,「えっ？　な、なんですか？　……[Pあだ名]。……ううぅ、恥ずかしさはまだ消えません……」,"""Well, what is it? ...... [Pあだ名] ... ... ... ... Uooh, shyness still will not go away ..."""
:576,「たとえ呼び方を変えても、許してあげませんから」,"""Even if you change the way of calling, I will not forgive you."""
:578,「あの……[Pあだ名]」,"""That ... ... [Pあだ名]"""
:579,「ん？　どうかした？　[Hあだ名]」,"""What's wrong? [Hあだ名]"""
:580,「いえ、特には。ただ……愛称で呼んでみたくなりまして……」,"""No, especially ... I just wanted to call it by a nickname ... ...."""
:581,「……いいですよ。私も……[Pあだ名]……と、肌を重ねたいと思っていましたので」,"""... It's okay ... I also wanted to overlay my skin with [Pあだ名] ......"""
:582,「あ、あの……[Pあだ名]……と、え、エッチをしたいのですけれど……」,"""Oh, that ... ... [Pあだ名] ......, I want to do it, but ... ...."""
:583,「あの、少しお話しませんか？」,"""Well, will not you talk a little?"""
:584,「あの、[Pあだ名]。少しお話しませんか？」,"""Oh, [Pあだ名]. Shall we talk a little?"""
:585,「きゃあぁぁっ！　だ、ダメです！　見ないでください！」,"""Kaaaaaaaaaaaaaaaaaaaaaaaaaaaaaaaaaaaaaaaaaaaaaaaaaaaaaaaaaaaaaaaaaaaaaaaaaaaaaaaaaaaaaa"
:586,「きゃっ……私しかいなくてよかったです……本当はダメなことですからね？」,"""Cash ... ... It was nice I only have ...... Is not it really useless?"""
:587,「だ、ダメですよ……じっくり見ようとしてないで、出て行ってください」,"""Well, it's useless ... Do not look carefully, please get out."""
:588,「よくないことですよ？　今はその……私しかいませんので、問題ないですが」,"""This is not good - now that ... ... Because there is only me, so there is no problem."""
:589,「……まったく。変態さんは出て行ってください」,"""... ... exactly. Mr. Hentai go out please"""
:590,「あの、不躾なお願いだとは思うのですが、コイカツ部に入部させてもらえませんか？」,"""Well, I think that it is an unreasonable request, but would you let me join the Koikatsu Department?"""
:591,「もちろん！　歓迎するよ」,"""Of course I welcome you"""
:592,「はぅ、ありがとうございます」,"""Hah, thank you."""
