key,jp,en,comment
com_ev_06_000,「きゃっ！　こ、ここは女性専用です、よく表示を見てから入るようにしてください」,"""Kyoko, this is for ladies, please try to enter well after seeing the display""",
com_ev_06_001,「！？　女子更衣室に入ってくるなんて……間違えたのでしたら、すぐに退出してください」,"""If you enter the girls changing room ... If you made a mistake, please leave immediately.""",
com_ev_06_002,「もっと節度のある行動をお心がけください。それでは失礼いたします」,"""Try moderate behavior, then I will excuse you.""",
com_ev_06_003,「ご自分が知り合って間もない異性に何をしたのか……胸に手をあてて考えてみてください」,"""What did you do to the opposite sex with yourself ... ... Try to think with your hands on your chest""",
com_ev_06_004,「今はお話する時間がありませんね。また後程お会いしましょう」,"""I do not have time to talk right now, I will see you later.""",
com_ev_06_005,「……むにゃ……おばあちゃま……」,"""... .... Mum ... ... grandma ... ....""",
com_ev_06_006,「偶然、ですよね？　誰にも言いふらしませんから、以後お気を付けください」,"""It's coincidental, is not it? I will not tell anyone, so please be careful later.""",
com_ev_06_007,「そんなにじろじろ見られては困ってしまいます……」,"""It is troubled if you stare so stinkily ... ....""",
com_ev_06_008,「和室にいると自然と心穏やかになります。宜しければ貴方もご一緒にいかがですか？」,"""When you are in a Japanese-style room, you will be calm and nature, so if you wish, would you like to join us?""",
com_ev_06_009,「弓道は精神統一の道です。貴方も一手いかがですか？」,"""Kyudo is a way to unify the spirit, how about you, too?""",
com_ev_06_010,「貴方も本を借りに来たのですか？　宜しければご案内いたします」,"""Have you come to borrow a book? I will show you if you want""",
com_ev_06_011,「どこに付いて行けば宜しいのですか？」,"""Where would you like to go with?""",
com_ev_06_012,「申し訳ございませんが、そちらには付いて行けません。失礼いたします」,"""I am sorry, I can not follow you there, I will excuse you.""",
com_ev_06_013,「殿方と喋るときはいつも緊張してしまうのですが、貴方とは自然に話せます……」,"""I always get nervous when talking to the Guy, but I can talk with you naturally ...""",
com_ev_06_014,「これからも殿方のいろはを教えてくださいますか？　特に、女性との違いを……」,"""Can you tell me the color of the Hinohata in the future? Especially the difference with women ......""",
com_ev_06_015,「ようこそいらっしゃいました。どうぞごゆるりとご見学ください」,"""Welcome, please please visit us with your relaxation""",
com_ev_06_016,「ようこそいらっしゃいました。私たちの活動が恋活部の参考になれば幸いです」,"""Welcome, I hope that our activities will be helpful for the Lovers Club""",
com_ev_06_017,「恋活部の活動中ですか？　私に手伝えることがあったら何なりとお申し付けください」,"""Are you doing activities at Koiwabe Department? Please let me know what you can do if you can help me""",
com_ev_06_018,「殿方は沢山お召し上がりになるのでしょう？　昼食をしっかり食べて、午後も頑張ってくださいね」,"""Will you enjoy plenty of fruit? Eat lunch well, please do your best in the afternoon""",
com_ev_06_019,「恋活部の活動は順調ですか？　一人でも多くの女性に殿方のいろはを教えてあげてください」,"""Are you doing well at Koiwabe department? Please tell me about as many women as you can.""",
com_ev_06_020,「きゃっ！　お、驚かせないでください、はしたない声を出してしまいました……」,"""Please do not be surprised, I got a bad voice ......""",
com_ev_06_021,「もしお時間が許すようなら、私とお話しませんか？」,"""If time permits, will you talk with me?""",
com_ev_06_022,「はい、祖母から美しい日本語を心がけるよう言いつけられております」,"""Yes, my grandmother tells me that I am trying to make beautiful Japanese""",
com_ev_06_023,「古い家ですから、自然とこうなってしまうのです」,"""Because it's an old house, it's like nature.""",
com_ev_06_024,「和食でしたら、多少の心得はございます」,"""If it were Japanese food, there is somewhat of an understanding.""",
com_ev_06_025,「和食はともかく、洋食はまだ修行中です」,"""Aside from Japanese food, Western food is still being trained.""",
com_ev_06_026,「正しい礼儀作法を身につけるために花嫁修業をしております」,"""I am doing a bride training to acquire the correct etiquette""",
com_ev_06_027,「うふふ。習い事はそれなりにしていますが、お嬢様ではありません」,"""Ufufu, I am doing something as it is, but I am not a lady.""",
com_ev_06_028,「このお話は別の機会にいたしましょう」,"""Let's make this story a different opportunity""",
com_ev_06_029,「……私は存じ上げませんでした。もっとお聞かせ願えませんか？」,"""... I did not know, may I ask more?""",
com_ev_06_030,「うふふ。貴方という人が少しずつ分かってきた気がいたします」,"""Uhufu ... I think that you know little by little""",
com_ev_06_031,「まあ……それは本当ですか？」,"""Well ... is it true?""",
com_ev_06_032,「はい、まだ初恋すらしたことのない私ですが、とても憧れを抱いております」,"""Yes, I am never even in my first love, but I have a longing for her""",
com_ev_06_033,「恋人の関係ですか。恋心すら抱いたことのない女には雲の上のお話です」,"""Is it a relationship of a lover, a story of a cloud above a woman who has never held love""",
com_ev_06_034,「あります。物語で読んだときに、身体が熱くなるのを感じました」,"""There is, I felt my body getting hot when I read it in a story.""",
com_ev_06_035,「いいえ。今は習い事や花嫁修業で手一杯ですから」,"""No, because now I have plenty of lessons in lessons and bride training""",
com_ev_06_036,「私はこの通り融通の利かない女ですから、大らかな人の影響を受けたいと思っております」,"""I am a woman who is not flexible as I am, so I would like to receive the influence of a lot of people.""",
com_ev_06_037,「明確にこれという方はまだいらっしゃいません」,"""There is no one who clearly has this one""",
com_ev_06_038,「知り合ったばかりの女性に聞くには不躾ではありませんか？」,"""Is not it unbreakable to listen to a woman I just met?""",
com_ev_06_039,「そう、なんですね。申し訳ございません、疎いもので……」,"""Oh, well, sorry, I am sorry, ... ....""",
com_ev_06_040,「私もこれからそのような経験をするのでしょうか……」,"""Will I also have such experiences from now on ...?""",
com_ev_06_041,「最近の女子は進んでいるのですね……」,"""Recent girls are progressing ....""",
com_ev_06_042,「恋心に疎いものですから、手取り足取り教えてくれる方が良いのではないでしょうか」,"""Is not it better for you to tell us how to take care of yourself, because it is unreliable?""",
com_ev_06_043,「一概には申し上げられませんが、苦手かもしれません」,"""Although we can not explain in a general way, it may be weak.""",
com_ev_06_044,「慎重に過ぎることがなければ、とても良いことだと存じます」,"""If you do not pass it carefully, I think it's a very good thing.""",
com_ev_06_045,「想像でしかないのですが、積極的な殿方の方が好みです」,"""Although it is only an imagination, I prefer the aggressive gentleman""",
com_ev_06_046,「とても良いことではないでしょうか。祖母も勤勉は日本人の美徳だと申しておりました」,"""Is not it a very good thing, my grandmother said that diligence is a Japanese virtue""",
com_ev_06_047,「父のような殿方でしょうか……ほんの少し、苦手かもしれません」,"""Is it like a father like a father .... just a little bit, maybe I am not good at it""",
com_ev_06_048,「私にそういう気質がないからこそ、気ままな殿方には憧れます」,"""Because I do not have that kind of temperament, I adore a cowardly gentleman""",
com_ev_06_049,「手前勝手な解釈ですが、協調性のない方では困ります」,"""It is a comfortable interpretation, but it is troublesome for those who do not have cooperation.""",
com_ev_06_050,「とても男性らしくて素敵だと存じます」,"""I think it is very masculine and nice.""",
com_ev_06_051,「そのような殿方とお話したことがないので、わかりかねます」,"""I have not talked to such a gentleman, so I can not understand.""",
com_ev_06_052,「我が家の男性は皆口数が少ないので、苦手ではありません」,"""All the men at our house are not good at it because they have few words.""",
com_ev_06_053,「私のような堅物女を受け入れてくれるでしょうか……？」,"""Will you accept a hard woman like me ...?""",
com_ev_06_054,「あ、ありません！　神聖なる学び舎で破廉恥なことを仰らないでください」,"""Oh, there is not! Do not say something disgraceful in sacred studies""",
com_ev_06_055,「女には、そのようなことを気にする前に準備することが沢山あります」,"""For women, there are many things to prepare before you care about such things.""",
com_ev_06_056,「昼夜を分かたず殿方を立てるように、とは教わっております」,"""I am taught to make a gentleman day and night.""",
com_ev_06_057,「しません。貴方はそのようなことしか考えられないのですか？」,"""I will not, can you think of only such things?""",
com_ev_06_058,「自分が心に決めた殿方と致すことなら、どんなことでも理想です」,"""Anything is ideal if it is to be a gentleman who decided in mind.""",
com_ev_06_059,「それを決めるのは私ではなく祖母です。私はいずれ、お見合いすることになっていますから」,"""It is not myself but a grandmother who decides it, because I am supposed to meet each other.""",
com_ev_06_060,「私、貴方に女扱いされていないのでしょうか……？」,"""I, you are not treated like a woman ...?""",
com_ev_06_061,「そ、そのようなお話に傾ける耳はございません」,"""Well, there is no ear to tilt such a story.""",
com_ev_06_062,「聖職たる教師がそのようなことを口にしたというのですか……？」,"""Does a priesthood teacher say such a thing ...?""",
com_ev_06_063,「そ、そのようないかがわしいお話なら最後まで聞きませんでした」,"""Well, I did not hear it until the end if such a stubborn story like that""",
com_ev_06_064,「私、そんなに古風でしょうか？」,"""Am I in such old days?""",
com_ev_06_065,「殿方から見てもそうなのですね。つまり、変、ということでしょうか……？」,"""Even if you look at it from the Editor, you mean that it is strange, is not it ...?""",
com_ev_06_066,「本当ですか？　ですが、この学園に入学してから、古風だとばかり言われます」,"""It is true, but since I entered this school, I was told that it was old-fashioned.""",
com_ev_06_067,「おかしな質問をしてしまったかもしれません。失礼いたしました」,"""Maybe you have made a funny question, I'm sorry""",
com_ev_06_068,「動物はお好きですか？」,"""Do you like animals?""",
com_ev_06_069,「私も好きです。見ていると和やかな気持ちになりますよね」,"""I also like it, it makes me feel relaxed when I see it,""",
com_ev_06_070,「実は私も苦手で……幼い頃、鷹に襲われたせいでしょうか」,"""Actually, I am not good as well ...... Because it was because I was hit by a hawk when I was young.""",
com_ev_06_071,「殿方はたくさん食べられるのですよね？　貴方もそうなのでしょうか」,"""The Hinohama can eat a lot, do not you?",
com_ev_06_072,「やはりそうなのですね。女子校の学食は量が少ないのではありませんか？」,"""Oh well, are not we a small amount of school meals at girls' school?""",
com_ev_06_073,「殿方によって違うのですね。勉強になります」,"""It differs according to the enclosure, I will study.""",
com_ev_06_074,「最近の殿方は料理をするそうですが、貴方もですか？」,"""My recent gentleman is going to cook, but are you also?""",
com_ev_06_075,「祖母は台所を女の城と呼んでおりましたが、時代は移り変わるものなのですね」,"""My grandmother called the kitchen a woman's castle, but the times are changing, are not you?""",
com_ev_06_076,「では、将来は料理上手な奥様を娶らなくてはいけませんね、ふふ」,"""Well, in the future you must shake handsome cooks, Fuhu""",
com_ev_06_077,「運動神経は良い方ですか？」,"""Is your motor nerve better?""",
com_ev_06_078,「殿方らしいですね。私も良い方ですが、きっと貴方には適いません」,"""It seems to me like a guy, I am a good person, but I'm sure it's not suitable for you.""",
com_ev_06_079,「では、私と同じですね。身体を動かすことより、読書の方が好みです」,"""Well, it's the same as myself, rather than moving the body, I prefer reading.""",
com_ev_06_080,「ちゃんと予習と復習はされていますか？」,"""Are you preparing and reviewing properly?""",
com_ev_06_081,「私もです。もし宜しければ、試験前に勉強会をいたしませんか？」,"""I am too, if you like, would you like to have a study group before the exam?""",
com_ev_06_082,「私も英語だけがどうしても受け付けなくて……宜しければ今度、勉強を見てくださいませんか？」,"""I will not accept only English in the end ... ... If it is OK, will you look at the study this time?""",
com_ev_06_083,「身だしなみ…いえ、お洒落ですか。気を遣う方ですか？」,"""Greetings ... No, are you fashionable, are you the one who takes care?""",
com_ev_06_084,「私も着物の着付けや着合わせに関しては自信があるつもりなのですが、皆様に古風だと言われてしまいます」,"""I am also confident about dressing and dressing in kimonos, but I will say that everyone is old-fashioned.""",
com_ev_06_085,「私も着物の流行のことなら分かるのですが、皆様の言うお洒落とは違うみたいです」,"""I know if it is about the fashion of kimono, but it seems to be different from everyone's fashionable.""",
com_ev_06_086,「そうですか。私とは違うのですね」,"""Is that so different from me?""",
com_ev_06_087,「貴方とお話することはありません」,"""I will never talk to you""",
com_ev_06_088,「こちらこそ申し訳ございませんでした。この至らなさが殿方に免疫のない証拠ですね」,"""I am sorry, this evidence is proof that there is no immunity to the fetus.""",
com_ev_06_089,「どうしても貴方への怒りが収まりません」,"""I can not help fighting for your anger.""",
com_ev_06_090,「どうかなさいましたか？」,"""What's the matter?""",
com_ev_06_091,「その…殿方と目を合わせるのは、慣れていないもので……」,"""That ... it is something you are not used to meeting your eyes ... ...""",
com_ev_06_092,「何か含むところがあるなら、正直に仰ってください」,"""If you have something to do, please be honest""",
com_ev_06_093,「ど、どこを見ているのですか」,"""Where are you looking?""",
com_ev_06_094,「お、お願いですから、堪忍してください……」,"""Oh please, please be patient ... ....""",
com_ev_06_095,「そんな堂々と見るような場所ではありません」,"""It is not a place to see such a majestic view""",
com_ev_06_096,「貴方はこの学園の男子生徒代表です。それに相応しい行動をしてください」,"""You are the boys student at this school. Please do whatever you want""",
com_ev_06_097,「きゃっ！　い、いけません。不純異性交遊です」,"""I can not do that, I'm going to go to an impure heterosexual""",
com_ev_06_098,「も、もう……何なのですか、貴方は……」,"""Well, what is ... ... what are you ...?""",
com_ev_06_099,「きゃあっ！？　本当にやめてください」,"""Please stop it!""",
com_ev_06_100,「きゃああっ！　な、何を……」,"""Certainly, what ... ....""",
com_ev_06_101,「うう……貴方が何を考えているのか、全くわかりません……」,"""Wow ... I do not know what you are thinking at all ...""",
com_ev_06_102,「やめてください！」,"""stop it!""",
com_ev_06_103,「む……いきなり女の頭を撫でるとは何事ですか？」,"""Mum ... ... What's going on to suddenly pat a woman's head?""",
com_ev_06_104,「私が殿方を立てよと教わっている女だからと言って、何をしても良いというわけではありません」,"""It is not good to say anything, because I am a woman who is teaching me to set up a gentleman.""",
com_ev_06_105,「すみません、やめてください」,"""Please excuse me, please stop""",
com_ev_06_106,「きゃっ、や、やめてください……」,"""Please stop, c'mon, ... ...""",
com_ev_06_107,「貴方は……そういう殿方だったのですか……？」,"""You ... you were that kind of guy ... ....?""",
com_ev_06_108,「あまり知りもしない殿方に身体を許した覚えはありません」,"""I do not remember forgiving my body not to know too much.""",
com_ev_06_109,「もっと常識でものを考えていただけませんか？」,"""Can you think about things with more common sense?""",
com_ev_06_110,「貴方は他の殿方とは雰囲気が違って、ずっとお話をしていても苦になりません」,"""You are different from the other guys in the atmosphere, so even if you talk for a long time, I will not be bothered.""",
com_ev_06_111,「私、こんなに笑ったのは久しぶりかもしれません」,"""I could not have laughed so much like this for a long time.""",
com_ev_06_112,「次はどんなお話にしましょう」,"""What shall we talk about next?""",
com_ev_06_113,「お話することがないのでしたら、失礼させていただきます」,"""If you do not talk, I will be sorry.""",
com_ev_06_114,「貴方が私のことを都合の良い女だと思っていることだけは分かりました。それでは失礼いたします」,"""I understand only that you think I am a convenient woman, then I will excuse you.""",
com_ev_06_115,「情状酌量の余地はございません。どうぞお引き取りください」,"""There is no room for consideration of circumstances, please take back.""",
com_ev_06_116,「また私とお話してくださいますか？　もっと貴方のことを教えてください」,"""Would you please talk with me again please tell me more about you""",
com_ev_06_117,「何故か、貴方のにおいがすると、胸がドキドキして……風邪、でしょうか」,"""Why do you smell, my heart throbs ... ... you have a cold?""",
com_ev_06_118,「そろそろ頃合いでしょうか。またお話いたしましょう」,"""Is it about time soon? Let's talk again.""",
com_ev_06_119,「かしこまりました。貴方の都合の良いときにまた誘ってください」,"""Certainly, please invite me again at your convenience""",
com_ev_06_120,「急用ですか？　またお待ちしております」,"""Is urgent? We are waiting for you again""",
com_ev_06_121,「では、また駅前までよろしくお願いいたします」,"""Well, thank you in front of the station""",
com_ev_06_122,「今日は迎えに来てもらっているので、また後日よろしくお願いいたします」,"""I have you pick me up today, so thank you for your consideration at a later date.""",
com_ev_06_123,「はい、今日こそ過去完了形と現在完了形を使い分けて見せます」,"""Yes, I will distinguish between past completion type and present completion type today today.""",
com_ev_06_124,「もう少し一人で復習をしたいので、また今度誘っていただけますか？」,"""I would like to review a little more by myself so please invite me next time.""",
com_ev_06_125,「では、励ませていただきます」,"""Well, I will encourage you.""",
com_ev_06_126,「体育の授業がありましたので、今は結構です」,"""There was a physical education lesson, so now is fine.""",
com_ev_06_127,「どこへ向かわれるのですか？」,"""Where are you going?""",
com_ev_06_128,「申し訳ございません。所用がございますので……」,"""I'm sorry, so I have a need ... ....""",
com_ev_06_129,「いけないお人ですね……誰かが来たら、出て行っていただきますよ？」,"""It is a disappointing person .... If someone comes, will you leave?""",
com_ev_06_130,「いくら破廉恥な殿方でも、最低限の節度は守っていただかないと困ります」,"""How much shameful gentleman, you will be troubled if you do not keep the minimum degree of moderation""",
com_ev_06_131,「そんなに私の着替えをご覧になりたいのですか？」,"""Do you want to see so much my changing clothes?""",
com_ev_06_132,「他の方のご迷惑にだけはならないようにしていただかないと……」,"""We have to make sure not to only disturb the other people ... ....""",
com_ev_06_133,「貴方の行動は度が過ぎているとだけ申し上げておきます。それでは」,"""I will only say that your actions are overkill.""",
com_ev_06_134,「火の無い所に煙は立たぬと申します。ご自身の行いをよくよく振り返ってみてください」,"""I say Smoke does not stand where there is no fire. Please take a good look back on your own actions.""",
com_ev_06_135,「そろそろお時間のようです。また後程お話いたしましょう」,"""It looks like time soon, let us talk later.""",
com_ev_06_136,「こんな私と向かい合って、何をされるおつもりですか？」,"""What are you going to do, face against me like this?""",
com_ev_06_137,「貴方が破廉恥な人だということは分かりましたから、時と場合を考えていただけますか？」,"""I understood that you are a shameless person, so can you consider the time and case?""",
com_ev_06_138,「私の水着姿は貴方のお眼鏡に適っておりますか？」,"""Does my swimming suit appear in your eyeglasses?""",
com_ev_06_139,「恥も外聞もなくなるほど、水着がお好きなのですか？」,"""Do not you like swimsuits as there is no shame or extravagance?""",
com_ev_06_140,「殿方は、神聖なる和室でこそ女を組み敷きたいとお考えになるものなのでしょうか？」,"""Is it wonderful that a gentleman would want to set up a woman only in a holy tatami room?""",
com_ev_06_141,「弓道は邪な心を正し、煩悩を断ちます。貴方もいかがですか？」,"""Kyudo corrects the evil heart and disregards the anxiety, how are you also?""",
com_ev_06_142,「破廉恥な殿方が好むような小説は、古典文学の方にございますよ」,"""A novel like a shameless man is liked by classical literature""",
com_ev_06_143,「いかがなさいましたか？」,"""can i help you?""",
com_ev_06_144,「貴方が破廉恥なのは周知の事実ですが、毒牙にかけられるのはお断りいたします」,"""It is a well-known fact that you are disgusted, but I will refuse to be put on poison.""",
com_ev_06_145,「指折り数えてお出かけの当日をお待ちしております」,"""I count on the best and I am waiting for the day of going out.""",
com_ev_06_146,「破廉恥な方なのに、いやらしい感じがいたしません。不思議です」,"""Although it is a shameful person, I do not feel nasty, it is strange.""",
com_ev_06_147,「もっと殿方の仕組みを教えて頂くわけには参りませんか？」,"""Can you not tell me more about the mechanism of the Hidaka?""",
com_ev_06_148,「私には構いませんが、部員に破廉恥な視線を送らないようお願い申し上げます」,"""I do not mind, please do not send a shameful line of sight to the members.""",
com_ev_06_149,「ご見学なら、鼻の下を伸ばさないようお願い申し上げます」,"""If you visit, please do not stretch under your nose""",
com_ev_06_150,「あまり羽目を外しすぎないようにお気をつけください」,"""Please take care not to undo too much.""",
com_ev_06_151,「お昼休みまで恋活部の活動ですか？　昼食もしっかり取ってくださいね」,"""Are you in love life department until lunch break? Please take lunch securely.""",
com_ev_06_152,「これから恋活部の活動ですか？　あまりご無理をなさらないようにしてくださいね」,"""From now on the activities of the love department? Please do not do too much impossible""",
com_ev_06_153,「破廉恥な気配がすると思ったら…貴方でしたか」,"""If you thought of being a shameful indulgence ... was you?""",
com_ev_06_154,「今日も殿方の秘密を教えてくださるのですか？」,"""Are you teaching the secret of the Hidaka today too?""",
com_ev_06_155,「そうなのですか？　殿方にも色々あるのでしょうか」,"""Is that so? Does the festival have various things?""",
com_ev_06_156,「女性たちからすれば、十分破廉恥かと存じます」,"""From the perspective of women, I think it is sufficiently shameful""",
com_ev_06_157,「和敬清寂。茶道における愛の心得でございます」,"""Kazuaki Kanoni: It is knowledge of love in the tea ceremony""",
com_ev_06_158,「心に染み入るような言葉なら、選り好みはいたしません」,"""If it is a word that seeps into your heart, I will not make it any choice.""",
com_ev_06_159,「貴方の言動を理解できないときは疲れますが、それは私が至らない女だという証左かと存じます」,"""I am tired when I can not understand your behavior, but I guess it is a proof that I am a woman who does not reach me""",
com_ev_06_160,「いいえ？　そのように育てられたので、苦に感じたことはございません」,"""No? Because I was brought up like that, I have not felt any difficulties""",
com_ev_06_161,「恐怖がないと言えば嘘になりますが、それは女も同じことです」,"""If you say that there is no fear you will be lying, but women do the same.""",
com_ev_06_162,「有難いことに、私の周りに怖いと思わせるような殿方はおりませんので」,"""Thankfully, there are no officials who would make me think that I am scared""",
com_ev_06_163,「別のお話にいたしませんか？」,"""Would you like to talk about another?""",
com_ev_06_164,「殿方特有の行動ですね。女はそういったことはいたしません」,"""It is a behavior specific to a female, a woman will not do that kind of thing""",
com_ev_06_165,「強いて申し上げるなら、誠実さでしょうか」,"""If it is to be said strongly, is it honest?""",
com_ev_06_166,「私は求める側ではなく、求められる側ですので」,"""Because I am not asking, but the side I am asked for""",
com_ev_06_167,「女として生まれたからには、どうしても憧れてしまいます」,"""Because I was born as a woman, I will absolutely adore it""",
com_ev_06_168,「願望という程ではございませんが、いずれは家庭に入るものと存じております」,"""It is not as much as a desire, but I believe that one will enter the family.""",
com_ev_06_169,「私は合格の判を押せるような立場ではございませんが、十分かと存じます」,"""I am not in such a position as to be able to push the passing judgment, but I think that it is enough.""",
com_ev_06_170,「それは私が評することではございませんから……」,"""Because it is not what I will evaluate ...""",
com_ev_06_171,「満開の桜並木の下をゆっくりと歩いてみたいです」,"""I would like to slowly walk under the cherry blossoms in full bloom.""",
com_ev_06_172,「その方の行きたい場所に付いてゆき、その場所の楽しみ方を教えて頂きたいです」,"""Please follow the place where you want to go and tell me how to enjoy that place.""",
com_ev_06_173,「何やら気恥ずかしいですね。他のお話にいたしましょう」,"""It's kind of embarrassing, is not it? Let's make another story.""",
com_ev_06_174,「私には縁遠いお話ですね……」,"""It's a stranger to me ... ne.""",
com_ev_06_175,「貴方との関係が始まってからです。殿方の嗜好は未だに理解しかねますが……」,"""Since your relationship started, I can not understand the taste of the fondness yet ... but ...""",
com_ev_06_176,「私の興味は破廉恥なことではなく、殿方です」,"""My interest is not a disgraceful thing, the Hitankori""",
com_ev_06_177,「破廉恥なことというより、女だからと軽んじられるのは嫌いでございます」,"""I do not dislike being lighter because it is a woman rather than being a shameful man.""",
com_ev_06_178,「元より殿方が破廉恥な存在なら、嫌いではございません」,"""If you are a disgruntled godfather, you do not dislike it""",
com_ev_06_179,「微妙なところです。嫌ではありませんが、好ましくはございません」,"""It's a delicate place, I do not want to disagree, but it's not preferable""",
com_ev_06_180,「私の選んだ方なら、嫌ではございません」,"""If you have chosen me, I do not want to do it.""",
com_ev_06_181,「人の身体の仕組みについて、不思議に思うことは多々ございます」,"""There are many things to wonder about the structure of a person's body""",
com_ev_06_182,「私自身に経験がございませんので……」,"""Because I myself have no experience ...""",
com_ev_06_183,「学び舎で致すようなお話ではございません。別の話題にいたしましょう」,"""It is not a story to be learned, let's make another topic""",
com_ev_06_184,「そこまで風紀が乱れているのですか……」,"""Is the weather disturbed so far ...?""",
com_ev_06_185,「殿方は例外なく破廉恥なのでしょうか？」,"""Is the Honorable being rude without exception?""",
com_ev_06_186,「そうですか。故に人類は命を紡いでこれたのかもしれませんね」,"""Is that so? Hence mankind might have spent their lives spirited,""",
com_ev_06_187,「それなら、貴方が特別破廉恥なのですね。困ったお人ですね」,"""Then, you are a special shame, it is a troubled person,""",
com_ev_06_188,「珈琲は何も入れずにお飲みになりますか？」,"""Will you drink coffee without putting anything in?""",
com_ev_06_189,「私も豆の風味を損なわないよう、そのままいただきます」,"""I will accept it as well so as not to impair the flavor of beans.""",
com_ev_06_190,「奇遇ですね。私はあの酸味が苦手で、牛乳などで中和してしまいます」,"""It's a marvelous thing, I am not good at that sour taste and it neutralizes with milk etc.""",
com_ev_06_191,「辛い食べ物、お好きですか？」,"""Do you like hot food, do you?""",
com_ev_06_192,「まあ。私も家族に驚かれるぐらいの辛党なのですよ」,"""Well, I am a bit too much to be surprised by my family.""",
com_ev_06_193,「刺激物は味覚を狂わせると申しますから、私も極力取らないように心がけています」,"""Since it says that irritants make the taste go crazy, I try to avoid as much as I can""",
com_ev_06_194,「甘い食べ物、お好きですか？」,"""Do you like sweet food?""",
com_ev_06_195,「私も甘いものにだけは目がなくて、よく祖母に注意されてしまいます」,"""I do not have eyes only on sweet things, often my grandmother will be careful.""",
com_ev_06_196,「珍しいと言われませんか？　私も苦手なのですが、よく驚かれます」,"""Would you say that it is unusual? I am not good, but I am surprised often.""",
com_ev_06_197,「その、破廉恥な貴方だからお聞きするのですが、胸囲の好みはございますか？」,"""Because I am a shameful person, are you asking, are there any preferences of chest circumference?""",
com_ev_06_198,「性格は控え目を好まれるのに、胸囲は逆なのですね」,"""Personality likes modesty, but the chest is the opposite, is not it?""",
com_ev_06_199,「では、無理して揉んだりする必要はないということですね」,"""Then, you do not have to force yourself to massacre.""",
com_ev_06_200,「どのような大きさの胸にも五分の魂ということですね」,"""It's a five-minute soul for any size breasts.""",
com_ev_06_201,「異性に対して、身長の好みはございますか？」,"""Do you have a preference for height, against the opposite sex?""",
com_ev_06_202,「では、少なくとも身長の上では私を好意的に捉えていただいているのですね」,"""Then, at least you are grasping me favorably on your height""",
com_ev_06_203,「人は身長の高低ではないということですね。私も同感でございます」,"""People say that it is not height and height, I also agree.""",
com_ev_06_204,「貴方がそう仰るなら、もう背伸びをすることはありませんね」,"""If you say that, you will not be stretching anymore""",
com_ev_06_205,「参考までに、好みの体型をお聞かせ願えますか？」,"""Would you please let me know your favorite body shape for reference?""",
com_ev_06_206,「母性的な体型が好みということでしょうか？　私もその範疇なら良いのですが……」,"""Is that a maternal body type like preference? I wish that category, but ...""",
com_ev_06_207,「私も太りすぎたり痩せすぎたりしている女性を見ると、心配になってしまいます」,"""I also worry if I see women who are overweight or too thin.""",
com_ev_06_208,「貧相だとはお思いになられないのですか？　何やら救われたような気持ちです」,"""Do not you think that it is poor? I feel like I'm saved.""",
com_ev_06_209,「そうですか……参考にさせていただきます」,"""Is that so? ... I will refer to it.""",
com_ev_06_210,「お話の前に、私の目をまっすぐに見ていただけますか？」,"""Can you see my eyes straight before talking?""",
com_ev_06_211,「私こそ出過ぎた真似をいたしました。何卒ご容赦ください」,"""I made imitation that I passed and I apologize.",
com_ev_06_212,「……もう少し、考えさせてください」,"""... ... Please let me think a bit more.""",
com_ev_06_213,「貴方の鑑賞に堪えるような顔なら良いのですが……」,"""It would be fine if you could face your appreciation ......""",
com_ev_06_214,「……面映ゆく存じます」,"""...... I will catch the screening""",
com_ev_06_215,「そんなにご覧になって……困ります」,"""You see so much ...... I am in trouble""",
com_ev_06_216,「やはり殿方は女性の胸に興味を示されるのですね」,"""After all, the father is interested in women's breasts, is not it?""",
com_ev_06_217,「不純な視線……でも、興味を持っていただかなければ価値がない……難しいものですね」,"""Impaired gaze ... But, if you do not get interested, it is not worth ... ... it is difficult, is not it?""",
com_ev_06_218,「ご覧になるだけでも楽しいものなのでしょうか」,"""Is it just fun to see it?""",
com_ev_06_219,「私をご鑑賞いただく前に、お話がございます」,"""Before you appreciate me, there is a story.""",
com_ev_06_220,「できれば、契りを交わした殿方と繋ぎたいのですが……」,"""If possible, I would like to connect with the official who gave me a chance ... ...""",
com_ev_06_221,「もうご自由になさってください」,"""Please do it now.""",
com_ev_06_222,「私の申し上げたこと、聞こえていらっしゃいますか？」,"""Have you heard what I said,""",
com_ev_06_223,「っ！　どういうおつもりですか？」,"""What! What are you going to do?""",
com_ev_06_224,「……ふぅ……」,"""... ... Fufu ...""",
com_ev_06_225,「あの、やめていただけますか？」,"""Would you please stop it?""",
com_ev_06_226,「特別な間柄ではない異性の頭を撫でるのですか？」,"""Do you crouch on a head with a heterosexual relationship?""",
com_ev_06_227,「いつまで撫でているおつもりですか？」,"""How long will you be stroking?""",
com_ev_06_228,「悪い気はいたしませんが……」,"""I do not feel bad, but ...""",
com_ev_06_229,「私の身体はまだ見ぬ旦那様のものなので、あまり粗雑に扱われては困るのですが……」,"""My body is like a husband who does not yet see it, so I am in trouble if it is treated too coarse ...""",
com_ev_06_230,「責任を取って頂けるということでしょうか？」,"""Is it that we can take responsibility?""",
com_ev_06_231,「出来れば身ぎれいなままでいたいと申し上げているのですが……」,"""I'd like to stay at ease if possible, but ... ....""",
com_ev_06_232,「もう少し女心を気にしていただけると幸いです」,"""I am fortunate if you care about a woman a little more.""",
com_ev_06_233,「破廉恥なことでも大丈夫ですから、もっと私とお話していただけますか？」,"""Can you talk with me more because it is all right to be shameful?""",
com_ev_06_234,「今日はあまり破廉恥ではありませんね。お気遣いは無用に願います」,"""I am not very disgraced today, do not worry about your concern today.""",
com_ev_06_235,「次はどのようなお話にいたしましょう」,"""What kind of story would you like to talk about next?""",
com_ev_06_236,「いかがなさいましたか？」,"""can i help you?""",
com_ev_06_237,「…………」,"""............""",
com_ev_06_238,「恐れ入りますが、そろそろ失礼させていただきます」,"""Sorry, but I will be sorry about that soon.""",
com_ev_06_239,「そろそろ失礼させていただきます」,"""I will get rude soon.""",
com_ev_06_240,「貴方とお話していると、時の流れを忘れてしまいます。またお話してくださいね」,"""When I talk with you, I forget the flow of time, please tell me again.""",
com_ev_06_241,「貴方さえ宜しければ、今度はもっと刺激的な話題でも大丈夫です」,"""Even if you can, more exciting topics are okay this time""",
com_ev_06_242,「まだまだ殿方のことをご教授していただけたらと存じます」,"""I would like to teach you more about Hidenaka""",
com_ev_06_243,「はい。それでは失礼いたします」,"""Yes, then I will excuse you.""",
com_ev_06_244,「今度は何かお話してくださいね」,"""Please tell us something next time""",
com_ev_06_245,「申し訳ございません。今はまだその時ではない気がいたします」,"""I'm sorry, I feel like I am not at that moment""",
com_ev_06_246,「私で宜しければ、貴方のおそばに置いてください」,"""If you do not mind, please leave me by your side""",
com_ev_06_247,「申し訳ございません。貴方とはお付き合いできません」,"""I am sorry I can not associate with you""",
com_ev_06_248,「不躾なお願いではございますが、私とお付き合いして頂けませんか？」,"""It is an unreasonable request, can you please go out with me?""",
com_ev_06_249,「有難く存じます。こんなに緊張したのは、初めてです……」,"""I am thankful I am the first time I was so nervous ... ....""",
com_ev_06_250,「そう、ですか……いえ、きっぱりと断っていただき、有難く存じます」,"""Oh, is that ... ... No, thank you for refusing me, thank you.""",
com_ev_06_251,「ご無理を承知で、お願いに上がりました。私とお付き合いして頂けませんか？」,"""Please accept my impossible, I got to ask you, could you please go out with me?""",
com_ev_06_252,「え……あ、申し訳ございません。断られるかと思っておりましたので……嬉しいです」,"""Oh ...... Oh, I'm sorry, I was wondering if I could refuse ... ... I'm happy.""",
com_ev_06_253,「……わかりました。これからもお慕い申し上げております」,"""... .... OK, I'm still in love with you""",
com_ev_06_254,「お付き合いしていない方とそのようなことをするわけには参りません」,"""We will not do such things with those who do not have a relationship.""",
com_ev_06_255,「本当はいけないことなのですよ？　貴方だから、特別に……」,"""It's really not a good thing, it's you, so specially ...""",
com_ev_06_256,「貴方が破廉恥なのは存じておりますが……それは、許されないことです」,"""I know that you are disgusting, but ... it is unacceptable.""",
com_ev_06_257,「酷い人ですね……お互い様ですけど……うふふ」,"""It is a terrible person ...... Both of us are mutual ... ... Uhufu""",
com_ev_06_258,「仰ることの意味が……いえ、意図がわかりません」,"""The meaning of saying ...... No, I do not know the intent""",
com_ev_06_259,「私にそんなはしたないことをお願いする殿方なんて、貴方だけですよ」,"""You are the only one who wants me to do such a silly thing""",
com_ev_06_260,「少し頭を冷やしてください……」,"""Please cool your head a bit ... ...""",
com_ev_06_261,「何も仰らないでください。どうか、私を抱いてください……」,"""Please do not tell me anything, Please embrace me ... ...""",
com_ev_06_262,「あう……このことは、私と貴方だけの……ここだけのお話にして下さい」,"""Ah ... ... this is for me and you alone ... Please talk about only here""",
com_ev_06_263,「……申し訳ございません。聞かなかったことにしていただけると幸いです……」,"""... .... I am sorry, I'd appreciate it if you let me not ask you ...""",
com_ev_06_264,「はい。是非、ご一緒させてください」,"""Yes, certainly, let me join you""",
com_ev_06_265,「申し訳ございません。今日は先約が入っておりまして……またの機会によろしくお願いいたします」,"""Sorry, we have a previous appointment today ... Thank you for your continued opportunity.""",
com_ev_06_266,「これから昼食をいただくのですが、貴方も一緒にいらっしゃいませんか？」,"""I'm going to have lunch now, are you with us too?""",
com_ev_06_267,「うふふ。では参りましょうか」,"""Uhufu: Shall we come?""",
com_ev_06_268,「かしこまりました。またお誘いさせていただきますね」,"""Certainly, I will invite you again""",
com_ev_06_269,「私でよろしければ、喜んでお力添えさせていただきます」,"""If you do not mind, I will be glad to help you.""",
com_ev_06_270,「申し訳ございません。お稽古に行かなくてならないので、また今度お手伝いさせていだきます」,"""I am sorry, because I have to go to practice, I will keep doing my best next time.""",
com_ev_06_271,「差し出がましいようですが、恋活部の活動をいたしませんか？」,"""Although it seems to be impossible, will you do activities of the love department?""",
com_ev_06_272,「うふふ。今日は貴方にお聞きしたいことが山ほどあります」,"""Uhufu: There are lots of things I want to ask you today.""",
com_ev_06_273,「ではまたの機会にいたしましょう。楽しみにしておりますね」,"""Let's make another opportunity, I am looking forward to it.""",
com_ev_06_274,「では、ご一緒させてください」,"""Well, let me join you""",
com_ev_06_275,「申し訳ございません。今日は迎えに来てもらっているのです」,"""I am sorry, I have you pick me up today.""",
com_ev_06_276,「お邪魔でなければ、途中まで一緒に帰りませんか？」,"""If you are not distracted, will you not come home together?""",
com_ev_06_277,「有難く存じます。貴方と並んで下校する楽しみを知ってしまったんです」,"""I am thankful I knew the pleasure of going back to school alongside you.""",
com_ev_06_278,「では、また後日お誘いいたしますね」,"""Well, I will invite you later.""",
com_ev_06_279,「申し訳ございません。その日はお稽古があるんです……」,"""I am sorry, there is a lesson on that day ...""",
com_ev_06_280,「はい、願ってもないお話です」,"""Yes, this is a story I do not want""",
com_ev_06_281,「申し訳ございません。今月は予定が埋まっておりまして……」,"""I am sorry, the schedule has been buried this month ... ....""",
com_ev_06_282,「今度、二人でお出かけいたしせんか？」,"""Will you go out with us this time?""",
com_ev_06_283,「貴方なら頷いてくださると思っておりました」,"""I thought you would nod up if you were there.""",
com_ev_06_284,「では、またご都合の良いときにお誘いいたしますね」,"""Well, I will invite you when it is convenient for you""",
com_ev_06_285,「是非、よろしくお願いいたします。英語がもう……大変なことに……」,"""Thank you for your consideration. English is already ... ... tough things ...""",
com_ev_06_286,「申し訳ございません。また誘っていただけますか？」,"""I am sorry, could you invite me again?""",
com_ev_06_287,「英語の試験範囲を一緒に復習いたしませんか？」,"""Would you like to review the English test range together?""",
com_ev_06_288,「ありがとうございます。では、勉強できる場所へ行きましょう」,"""Thank you. Let's go to a place where you can study.""",
com_ev_06_289,「では、お気が向かれましたらご連絡いただきたく存じます」,"""Well, I would like to hear from you if you feel comfortable.""",
com_ev_06_290,「では、精一杯、努めさせていただきます」,"""Well, I will try my hardest,""",
com_ev_06_291,「申し訳ございません。体調がすぐれないため、遠慮させていただきます」,"""I am sorry, I will hold back because my physical condition is not good.""",
com_ev_06_292,「これから運動をするつもりなのですが、ご一緒にいかがですか？」,"""I'm planning to take some exercise from now, how about with us?""",
com_ev_06_293,「では、準備体操から始めましょう」,"""Let's start with preparation gym""",
com_ev_06_294,「運動はいつでもできるので、ご都合のよろしい時にいたしましょう」,"""Since exercise can be done at any time, let's do it at your convenience.""",
com_ev_06_295,「習い事の量を減らせないか、検討してみます。また今度、誘っていただけますか？」,"""I will consider whether I can reduce the amount of lessons and would you please invite me next time?""",
com_ev_06_296,「私も恋活部に入部させていただきたいのですが、いかがでしょう」,"""I would like to join the love department, but how are you?""",
com_ev_06_297,「かしこまりました……いかがわしい所にかどわかすのはやめてくださいね」,"""Certainly ... Please do not make a mistake in a fishy place""",
com_ev_06_298,「ご一緒にしたのは山々なのですが、先約がございまして。また後日、よろしくお願いいたします」,"""It is mountains that we have joined together, but there is a previous appointment, and we will continue to thank you at a later date.""",
com_ev_06_299,「うふふ、いらっしゃると思って、お待ちしておりました」,"""I thought that it was coming, I was waiting for you""",
com_ev_06_300,「いくら恋人同士でも、このような場所でお話するのは……」,"""How much it is to tell stories in such places, even with lovers""",
com_ev_06_301,「貴方を待っていたら、私だけになっておりました」,"""When I was waiting for you, I was the only one.""",
com_ev_06_302,「親しき仲に垣をせよと申します。貴方でもその垣根を超えてはいけません」,"""I would like to make fellowship with close friends, you must not go beyond that fence""",
com_ev_06_303,「貴方ならもうお分かりでしょう。次にお会いするときまで、然るべき言葉をお待ちしております」,"""You already know, I will be waiting for the right words until the next time I see you.""",
com_ev_06_304,「貴方とより良い関係を築きたいからこそ、心を鬼にいたします」,"""Because I want to build a better relationship with you, I will make my heart demon""",
com_ev_06_305,「宜しければお話を、と思ったのですが、時間がありませんね。失礼いたします」,"""I wanted to tell you a story if you like, but I do not have time, I will excuse you.""",
com_ev_06_306,「貴方にならいくらでもご覧いただきたいのですが、手で隠すことだけはご容赦ください」,"""I would like you to see as much as you can, but please do not forgive me for hiding by hand""",
com_ev_06_307,「貴方はいつまでも変わりませんね。それが殿方の良い所なのでしょうか」,"""You will never change forever, is that the good point of the Hidaka?""",
com_ev_06_308,「よろしければ、私の水着姿を心行くまでご堪能ください」,"""If you do not mind, please enjoy my swimming suit in my heart""",
com_ev_06_309,「付き合っていても、恥ずかしいものは恥ずかしいのです……」,"""Even if we go out, embarrassing things are embarrassing ... ....""",
com_ev_06_310,「貴方さえ望むのでしたら……い、いえ、ここは神聖な和室です……」,"""If you want even if you are ... ... No, this place is a sacred Japanese room ......""",
com_ev_06_311,「どんなに心を落ち着けようとしても、頭の中は貴方のことでいっぱいです」,"""No matter how you settle your mind, you are full of you in your mind.""",
com_ev_06_312,「最近、恋愛小説を読むようになりました。貴方との生活をより良いものとするために」,"""Recently, I began to read romance novels in order to make life better for you""",
com_ev_06_313,「どこへなりと連れて行ってください」,"""Please take me wherever I am""",
com_ev_06_314,「もう。白昼堂々、このような場所に連れ込もうとしてはいけません」,"""Already, do not try to take it to such a place forever.""",
com_ev_06_315,「今日は帰宅してから逢引きの予行練習をいたします。内容は秘密です」,"""Today I will practice pregnancy for bidding after coming home. The content is secret.""",
com_ev_06_316,「貴方が恋活部の部長として愛されている理由…今ならはっきりと分かります」,"""The reason why you are loved as the director of the love department ... clearly understand now""",
com_ev_06_317,「今日はずっと貴方のおそばにいても宜しいですか？」,"""Would you like to stay with you all the time?""",
com_ev_06_318,「貴方をお見掛けしたので、少し抜けて参りました。よろしければ、お話しいたしませんか？」,"""I saw you, so I dropped out a bit and if you do not mind, would you like to talk?""",
com_ev_06_319,「今、ちょうど会議が終わったところです。宜しければ、お話しいたしませんか？」,"""It is just the end of the meeting right now, would you like to tell us if it's okay?""",
com_ev_06_320,「恋活部の活動中ですか？　宜しければ、私もご一緒させてください」,"""Are you doing activities at Koiwabe Department? If you want, please do also me.""",
com_ev_06_321,「貴方のことを考えていたら、お腹が空いてしまいました」,"""I thought about you, I am hungry.""",
com_ev_06_322,「恋活部をされているのですよね？　恋人として、何か手伝えることはございませんか？」,"""Are you in love life department? Is not there anything you can do as a lover?""",
com_ev_06_323,「きゃっ！　もう…びっくりしてしまいました」,"""Kya! I was surprised ...""",
com_ev_06_324,「貴方とお話しするのが、一番の楽しみになっております」,"""I am looking forward to talking with you the most.""",
com_ev_06_325,「かしこまりました。時間のあるときに弓道場で逢引きをいたしましょう」,"""Certainly, let's make a deal with an archery field when there is time.""",
com_ev_06_326,「私が手取り足取りお教えするのも一つですが、ご自身で楽しみを見つけるのもまた一つですよ」,"""There is one thing I tell you to take care of but I also find fun by myself one more.""",
com_ev_06_327,「ええ、今にも増して素敵な殿方になられると存じます。今のままでも十分魅力的ですけれど」,"""Well, I think that it will become a wonderful honorable person even now, although it is attractive enough as it is now.""",
com_ev_06_328,「いいえ、私が貴方に合わせておりますから、もう釣り合っています」,"""No, because I am matching you, it is already balanced""",
com_ev_06_329,「ええ、とても憧れます。しばらく貴方の家に泊まり込みに行きたい程度には」,"""Yes, I adore very much, to the extent that I want to stay at your house for a while""",
com_ev_06_330,「いいえ。独りではなく、貴方との暮らしになら憧れますけれど」,"""No, I am longing for not being alone, but for living with you""",
com_ev_06_331,「有難く存じます。貴方にとっての良妻なら、とても嬉しいですね」,"""I am very thankful - if you are a good wife for you, you are very happy.""",
com_ev_06_332,「そうですね、将来は。でも、しばらくは貴方の恋人としての生を謳歌させてくださいね」,"""Well, the future, but please allow me to enjoy your life as a lover for a while.""",
com_ev_06_333,「そのお話も良いのですが、もう少し刺激の強いお話でも大丈夫ですよ」,"""That story is also good, but it's okay with a little more stimulating story""",
com_ev_06_334,「あのお料理番組ですね？　私も見ておりましたので、今度ご馳走いたします」,"""That cooking program is not it? I have been watching, so I will treat you next time.""",
com_ev_06_335,「最近は貴方の「取るに足らない」で始まるお話が楽しみで仕方ありません」,"""I'm looking forward to a story that starts with your"" inconsequential ""lately, and it can not be helped.""",
com_ev_06_336,「はい、お慕い申し上げております」,"""Yes, I'm counting on you""",
com_ev_06_337,「いいえ……と応えても、冗談だと通じる間柄だと自負しております」,"""No ... but, even if it responds, I am proud that it is a relationship that leads to being a joke.""",
com_ev_06_338,「浮気癖でしょうか。うふふ、恋活部部長としてはこれほど相応しい癖もございませんが」,"""Is not it a cheating habit, there is not a habit suitable for this as Uhufu, department manager of the love department""",
com_ev_06_339,「特に思いつきません。１０年２０年とお付き合いしていく内に見えてくるかと」,"""I have no idea, I wonder if I will be able to see them as they go out with 10 years and 20 years""",
com_ev_06_340,「ええ。何やらこそばゆいですが、これも恋活の一環ですよね」,"""Yeah ... somewhat obliging, but this is part of love, too, is not it?""",
com_ev_06_341,「え？　ま、まさか、貴方をたぶらかす悪女というのは……」,"""Well, no doubt, the bad woman who will haunt you ... ...""",
com_ev_06_342,「ええ、それはもう。むしろ、貴方のいない将来の方が思い浮かびません」,"""Yes, it already is, I do not come up with a future person without you""",
com_ev_06_343,「いいえ。今この瞬間を大切に過ごすことのみに執心しております」,"""No, I am committed to just spending this moment carefully""",
com_ev_06_344,「うふふ、こういうときは「な・い・しょ」としなを作るのが良いと聞きました」,"""Ufufu, I heard that it is better to make"" Nah · i · · · · · ""such a time in such a case""",
com_ev_06_345,「私も大好きです。一日中、おそばで笑っていたいぐらいに」,"""I also love it, I want to smile with soba all day""",
com_ev_06_346,「……毎晩のように届く暖かい気持ちは、貴方の愛だったのですね」,"""... ... the warm feeling that arrives like every night was your love""",
com_ev_06_347,「あまりにも恥ずかしいことでしょうか。それでも感じてしまう私がいやらしくて……」,"""Is it too embarrassing, still I feel uncomfortable ... ....""",
com_ev_06_348,「特にございません。貴方に心からお尽くしすると、先祖代々に誓っております」,"""I do not have anything, I swear to my ancestors when I do it from the bottom of my heart.""",
com_ev_06_349,「貴方が望まれるなら、何でも。私はそのように育てられた女ですから、喜びもそれに準じます」,"""If you want it, whatever. Because I am a woman raised like that, joy also follows it.""",
com_ev_06_350,「あまりにも酷いものは難しいと思いますが……いえ、私を説き伏せてくだされば宜しいかと」,"""I think that too bad things are difficult, but ... maybe I wish you would persuade me""",
com_ev_06_351,「貴方に心から信用していただけない、私の至らなさが嫌です。本当にあるなら、打ち明けてくださいね」,"""I do not trust you from the bottom of my heart, I do not like my being unreliable, if you really have it, please confident.""",
com_ev_06_352,「いいえ。ですが、私にも言えないではなく、私以外には言えない性癖にしてみせます」,"""No, but I can not say it to myself, I can make it a habit of not being able to say except me""",
com_ev_06_353,「制服を脱げと仰るなら脱ぎますし、独りで致す所を見たいとのご所望ならば、お見せいたします」,"""I will take off if I say that I am going to take off my uniform, I will show you if I would like to see a place to be alone by myself""",
com_ev_06_354,「それは……申し訳ございません。少しでも躊躇してしまいました。私もまだまだですね」,"""That is ... I am sorry, I have hesitated even a bit, I have not done much yet""",
com_ev_06_355,「少し刺激が強すぎます……」,"""A little stimulation is too strong ... ....""",
com_ev_06_356,「私がその「あだるとしょっぷ」になりたいぐらいです……」,"""I'd like to be that"" I'm going to be a steward ""...""",
com_ev_06_357,「私もその「えーぶい」なるものを拝見したいです」,"""I also want to see that"" Ehuu ""thing""",
com_ev_06_358,「私は貴方の恋人を全うできているでしょうか」,"""Am I able to fulfill your lover?""",
com_ev_06_359,「そう仰っていただけるなら幸いです。これからも弛まぬ努力を重ねて参ります」,"""If you can tell me so, I am fortunate to continue trying hard.",
com_ev_06_360,「私も今の自分に力不足を感じずにはいられません。いつか、必ずや理想の恋人になって見せます」,"""I can not help feeling insufficient for myself now, someday, I will surely become an ideal lover""",
com_ev_06_361,「貴方は将来の夢をお持ちですか？」,"""Do you have a future dream?""",
com_ev_06_362,「私も、貴方の良き伴侶になるという大きな夢がございます。二人で成就させましょう」,"""I also have a big dream of becoming your good companion, let us fulfill them.""",
com_ev_06_363,「では、私と一緒に見つけてくださいませんか？　貴方と二人三脚で歩いて行きたいのです」,"""Well, could you please find with me? I'd like to walk with you two-seater.""",
com_ev_06_364,「貴方の妻となることを想定して花嫁修業をしてもよろしいですか？」,"""Can I study a bride as supposed to be your wife?""",
com_ev_06_365,「有難く存じます。きっと、以前にも増して修行に身が入ることでしょう」,"""I will be very thankful - I'm sure you will be more enthusiastic about training than before.""",
com_ev_06_366,「うふふ、意地悪ですね？　なら私は意地でも貴方の花嫁になってみせます」,"""Uhufu, if it is meaningless, I will be your bride even if it is a nut.""",
com_ev_06_367,「このような幸溢るる日々がいつまでも続きますよう、祈っております」,"""I pray that such happy days will continue forever.""",
com_ev_06_368,「はい。幾久しくよろしくお願い致します」,"""Yes, thanks for your patience.""",
com_ev_06_369,「こうも幸せですと、喧嘩や別れが恐ろしくなります」,"""If you are happy too, you will be frightened of fights and farewells.""",
com_ev_06_370,「そうですね。そのための恋活部ですよね」,"""Well, it is the love department for that, is not it?""",
com_ev_06_371,「貴方がこの学園に転入してこられなかったら、私はどうなっていたでしょう」,"""If you could not get into this school, what would have happened to me?""",
com_ev_06_372,「うふふ。でも私は、今の私が好きです。これからもよろしくお願いいたします」,"""Uhufu ... But I like the way I am now, thank you in the future""",
com_ev_06_373,「びっくりしないでくださいね？　私のお胸のこと、愛らしく思っていただけていますか？」,"""Do not be shocked, do you think that I love you adorablely about my chest?""",
com_ev_06_374,「うふふ、このように乳房が膨れたのは、貴方を喜ばせるためだったのかもしれませんね」,"""Ufu, maybe the breasts swollen like this to please you""",
com_ev_06_375,「そう考えると、貴方の手のひらに収まるように計らって成長したように思えます」,"""When you think so, it seems like you grew up growing to fit in the palm of your hand.""",
com_ev_06_376,「うふふ、貴方に愛でていただくため、他の所に栄養が散ったのでしょうね」,"""Uhufu, you probably got nutrition scattered elsewhere to love you""",
com_ev_06_377,「私の身長は、貴方と釣り合っていますでしょうか」,"""Is my height balanced with you?""",
com_ev_06_378,「女らしくないと嘆いた日もございました。でも、報われる日は必ず来るものなのですね」,"""There was also a day when I lamented that it was not feminine, but the days that will be rewarded surely come.""",
com_ev_06_379,「特徴のない私に価値を見出してくださって、感謝しております」,"""Thank you for finding worth to me without features""",
com_ev_06_380,「貴方になら、頭をずっと撫でられていても悲しみを覚えることはございません」,"""If you are, you will not be saddened even if you are stroking your head all the way.""",
com_ev_06_381,「貴方とお付き合いを始めてから気になっていたのですが、私の体型は今のままで宜しいのでしょうか」,"""While I was in the mood from the start of you and your relationship, or my body type will of all right as it stands.""",
com_ev_06_382,「ぽっちゃりという褒め言葉をお教えくださった貴方には、感謝しかございません」,"""Thank you for you who taught me a compliment of chubby.""",
com_ev_06_383,「では、このまま維持させていただきます。ずっと貴方の理想でありたいのです」,"""Well, I will keep it as it is, I would like to be your ideal forever.""",
com_ev_06_384,「すれんだーという褒め言葉をお教えくださった貴方には、感謝しかございません」,"""Thank you for you who have taught me the compliment of"" Shinday "".""",
com_ev_06_385,「うふふ。意地の悪いお方なんですから……」,"""Uhufu: Because I am a bad one ... ....""",
com_ev_06_386,「しっかりと謝っていただかないことには、お話しもままなりませんよ？」,"""To the fact that you do not firmly apologize, will not you still speak?""",
com_ev_06_387,「いつも貴方に謝ってもらってばかりですね。私は貴方の優しさに甘えてしまっているのです」,"""I have always apologized to you, I am amenable to your kindness.""",
com_ev_06_388,「言葉の謝罪も嬉しいのですが、心からの謝罪をお聞かせ願えますか？」,"""I'm also happy to apologize for the words, can you ask me a heartfelt apology?""",
com_ev_06_389,「私は決して貴方から目を逸らしませんよ」,"""I will never look away from you""",
com_ev_06_390,「あの、流石にちょっぴり……お恥ずかしいと言いますか……」,"""Oh, that's a little bit like running ... ... Is it embarrassing ... ....""",
com_ev_06_391,「貴方の綺麗な瞳に、私をずっと映していてください」,"""Please reflect me forever in your beautiful eyes""",
com_ev_06_392,「貴方というお人は……思う存分、矯めつ眇めつなさってください」,"""The person you are ... ... please do it in a straightforward manner, to the utmost,""",
com_ev_06_393,「変です……はぁ…はぁ…身体が熱くなって参りました……」,"""It is weird ... ... Haa ... Huh ... the body has gotten hotter ......""",
com_ev_06_394,「そんなにまじまじと……本当に私のお胸がお好きなのですね」,"""It's such a long time ... really, I like my breasts, is not it?""",
com_ev_06_395,「うふふ、お楽しみはちゃんとした謝罪をいただいてからにいたしましょう」,"""Uhufu, let's have fun doing a proper apology""",
com_ev_06_396,「貴方の優しさが、暖かさに変じて伝わってきます……」,"""Your kindness is being transformed into warmth ... ....""",
com_ev_06_397,「貴方の優しさに包まれて、とっても幸せです」,"""I am very happy being wrapped in your kindness""",
com_ev_06_398,「うふふ、もっと優しさを伝えてくださるのですか？」,"""Uhufu, do you tell me more kindness?""",
com_ev_06_399,「もう……愛の伝え方が直接的すぎます……」,"""... already ... the way to convey love is too direct ... ....""",
com_ev_06_400,「このままですと、責任を取っていただくことになりますけれど……うふふ」,"""If you keep as it is, we will take responsibility, but ... .... Uhufu""",
com_ev_06_401,「殿方らしい素直さが素敵ですよ」,"""The gentleness that is fascinating is gorgeous""",
com_ev_06_402,「貴方に頭を撫でていただくと、ほっといたします」,"""I will relieve you if you stroke your head.""",
com_ev_06_403,「全てを忘れて童心に返ってしまいそうです……」,"""It seems that I forgot everything and return it to my child ... ....""",
com_ev_06_404,「蝶に留まられた花も、このような気持ちなのでしょうか」,"""Do flowers stayed in butterflies feel like this?""",
com_ev_06_405,「……愛の接吻ですか？　準備はできております」,"""... .... Kiss of love? I am ready.""",
com_ev_06_406,「私、早とちりして愛の接吻などと……恥ずかしさが溢れて爆発してしまいそうです……！」,"""I'm going to hurry and kiss my love ... ... It's going to be explosive with shamefulness ... ...!""",
com_ev_06_407,「……もしかして、頬に触れただけ、ですか？」,"""... ... Maybe, just touching your cheeks?""",
com_ev_06_408,「身体に触れたいのでしたら、まず心に触れていただきたく存じます」,"""If you want to touch the body, I want you to touch my heart first""",
com_ev_06_409,「今ふっと、幸せを運ぶ風が心を撫でてゆきました。これが恋の感覚なのでしょうか、うふふ」,"""The wind that brings happiness now stroked my heart, I wonder if this is the feeling of love, Uhufu""",
com_ev_06_410,「急に貴方の子供を授かりたいという気持ちが沸き上がってきました……うふふ、ごめんなさい、聞き流してくださいね」,"""The feeling of suddenly wanting to give your child is getting warmed up ... ... Uhufu, I am sorry, Please hear it.""",
com_ev_06_411,「貴方への話題が次から次へと湧いてきます」,"""The topic for you will spring up from next to next.""",
com_ev_06_412,「…………うふふ」,"""............ Uhufu""",
com_ev_06_413,「こう見えて私、怒っていますからね」,"""Because I am angry, because I look like this""",
com_ev_06_414,「もう。いくら貴方でも、許せないことは許せません。反省してくださいね」,"""No matter how much you are, I can not forgive those that I can not forgive. Please reflect on me.""",
com_ev_06_415,「うふふ、駄目です。まだ許してあげません。よーく反省してください」,"""Uhufu, it is useless, I will not forgive you. Please refrain from yo.""",
com_ev_06_416,「そろそろお時間ですね。貴方と過ごす時間が、段々と早く、短く感じるようになりました」,"""It's about time soon, the time we spend with you gradually felt faster and shorter,""",
com_ev_06_417,「そろそろお時間ですね。次にお会いするときは、身体を洗って参ります」,"""It's about time soon. When we next see you, we will wash our bodies.""",
com_ev_06_418,「もうこんな時間……最近、貴方と離れている時が長くゆっくりに感じます」,"""This time already ... ... Recently, when I am away from you I feel it slowly and slowly""",
com_ev_06_419,「名残惜しいですが、仕方ありませんね。またお話ししてください」,"""I am sorry, but it can not be helped. Please tell me again.""",
com_ev_06_420,「まあ……次はゆったりお話しできるときに誘ってくださいね」,"""Well ... ... Please invite me next time when you can speak comfortably.""",
com_ev_06_421,「そんな……私はただ、貴方との将来を想って……ま、待ってください！」,"""Such ... ... I just thought of the future with you ... wait, please!""",
com_ev_06_422,「申し訳ございません。急に貴方との先行きに不安を感じてしまいました。どうぞわがままをお許しください」,"""I am sorry, I suddenly felt uneasy about the future with you, please forgive my selfishness""",
com_ev_06_423,「はい。貴方の思いのままに……」,"""Yes, as you wish ... ....""",
com_ev_06_424,「どうか今すぐ私を抱いてください……」,"""Please hold me right now ... ....""",
com_ev_06_425,「突然のお誘いに応えてくださって有難く存じます。急に愛おしくなってしまって……」,"""I am thankful that you responded to a sudden invitation.I suddenly became love to death ...""",
com_ev_06_426,「も、申し訳ございません。我ながら直接的すぎました……」,"""Well, I am sorry, but I was too direct ... ....""",
com_ev_06_427,「……かしこまりました。貴方のお心のままに乱れさせていただきます」,"""... Certainly, I will disturb you as your heart""",
com_ev_06_428,「その……やはり、こういうことはいけません。学園の風紀を乱すような行いは控えましょう」,"""That ... ... Again, you should not do something like this, refrain from doing anything that disturbs the school's morals""",
com_ev_06_429,「……どうぞよしなに」,"""... ... please do it""",
com_ev_06_430,「申し訳ございません。今の私ではまだ……勇気が出ません」,"""I'm sorry, but I am not able to do it yet ... now I do not have the courage""",
com_ev_06_431,「うふふ、貴方に誘っていただけると、昼食が美味しくなります」,"""Uhufu, if you invite me, lunch will be delicious.""",
com_ev_06_432,「宜しければ、昼食をご一緒していただけませんか？」,"""Wish me good luck with you, would you?""",
com_ev_06_433,「うふふ、よかった。場所を取ってございますので、ご案内いたします」,"""Uhufu, I'm glad I'm taking a place so I will guide you.""",
com_ev_06_434,「かしこまりました。またお誘いいたしますね」,"""Certainly, I invite you again""",
com_ev_06_435,「ええ。私も恋活に精を出したいと考えておりました」,"""Yes, I also thought that I wanted to give a spirit of love life""",
com_ev_06_436,「他の皆様との予定がなければ、私と恋活していただけませんか？」,"""If you do not have plans with everyone else, will you please love me?""",
com_ev_06_437,「うふふ、ものの本に書いてあった通り、恋は押せ押せなのですね」,"""Uhufu, as I wrote in the book of things, love is a push.""",
com_ev_06_438,「かしこまりました。またお一人のときに誘わせていただきますね」,"""Certainly, I will invite you when I am alone.""",
com_ev_06_439,「はい。私の帰り支度は済んでおります」,"""Yes, my return has been completed""",
com_ev_06_440,「恋活部が落ち着いているなら、私と一緒に帰りませんか？」,"""If Koiwabu department is calm, will not you go with me?""",
com_ev_06_441,「ありがとうございます。では、お支度が整うまでお待ちしております」,"""Thank you. I will be waiting for you to prepare.""",
com_ev_06_442,「かしこまりました。恋活部の活動、頑張ってくださいね」,"""Certainly, please do your best at the activities of Koiwabe Department""",
com_ev_06_443,「うふふ、何よりも楽しみにしております」,"""Uhufu, I look forward to more than anything.""",
com_ev_06_444,「今度のお休み、空いておりますか？　もしお時間をいただけるなら、デートに行きたいのですが……」,"""If you have time, would you like to go on a date ......""",
com_ev_06_445,「うふふ、デートという言葉、前から使ってみたかったんです。当日はよろしくお願いいたします」,"""Ufufu, the word of date, I wanted to use it before, thank you on the day.""",
com_ev_06_446,「やっぱりお忙しいですよね。私は空いておりますので、何かありましたらご連絡ください」,"""After all I am busy, I am vacant, so please contact me if there is something""",
com_ev_06_447,「では、最近ようやく授業に付いていけるようになった英語をお願いいたします」,"""Well, I'd like to ask the English language that I finally got to attend class recently""",
com_ev_06_448,「試験に向けて勉強をするつもりなのですが、ご一緒にいかがですか？」,"""I'm planning to study for the exam, how are you with us?""",
com_ev_06_449,「うふふ、実は勉強の成果を見ていただきたくて。もちろん英語の成果です」,"""Ufufu, actually I wanted to see the achievements of my studies, of course it was the result of my English.""",
com_ev_06_450,「かしこまりました。試験までまだ余裕がありますし、今度改めていたしましょう」,"""Certainly, I have plenty of room to complete the exam and I will do it again.""",
com_ev_06_451,「はい。では、どんな運動をしましょうか？」,"""Yes, so what kind of exercise would you like to do?""",
com_ev_06_452,「最近、恋活部の活動で忙しいですよね。たまには身体を動かしませんか？」,"""Recently, I am busy with the activities of Koiwabe Department, are not you going to move your body once in a while?""",
com_ev_06_453,「適度に身体を動かして、より濃密な恋活をいたしましょう」,"""Move the body moderately, let's do a more dense love life""",
com_ev_06_454,「かしこまりました。でも、あまり根詰めないようにしてくださいね」,"""Certainly, but please do not try to root too much""",
com_ev_06_455,「うふふ。はい、お供させていただきます」,"""Uhufu: Yes, I will.""",
com_ev_06_456,「その前に済ませていただきたいことがあるのですが、わかっていただけますよね？」,"""There is something I'd like you to do before that, but do you understand?""",
com_ev_06_457,「かしこまりました」「そのようですね」「もちろんです」「お任せください」「貴方のご随意のままに」,"""Certainly"" ""It seems like that"" ""Of course,"" ""Please leave it to me"" ""As you please yourself""",
com_ev_06_458,「了承いたしかねます」「困りましたね」「それは違います」「申し訳ございません」「それはいかがなものでしょう」,"""I can not accept it."" ""I am in trouble."" ""That is not the case."" ""I am sorry,"" ""How about that?""",
com_ev_06_459,「ええ」「存じております」「合点いたしました」「そういうことなのですね」「存じ上げませんでした」,"""Yeah"" ""I know"" ""I got a point in time"" ""It is such a thing"" ""I did not know""",
com_ev_06_460,「っ！」「ご冗談を」「そんな……！」「感服いたしました」「とてもすごいですね」,"""っ!"" ""___ ___ 0"" ___ ___ 0 ___ ___ 0 ___ ___ 0 ___ ___ 0",
com_ev_06_461,「まあ」「まあまあ」「それは僥倖です」「無上の喜びです」「素晴らしいです」,"""Well"" ""Fairly good"" ""That is a cheek"" ""It is a pleasure to worship"" ""It is wonderful""",
com_ev_06_462,「どういうおつもりですか？」「許せません」「堪忍袋の緒が切れました」「いい加減にしてください」「流石に看過できません」,"""What kind of intention do you intend?"" ""I can not forgive"" ""I am overstretched"" ""Please do something else"" ""I can not overlook the fossil""",
com_ev_06_463,「そんな、嘘です……」「どうしてそんな……」「おやめください……」「なんということでしょう……」「納得いたしかねます……」,"""That's a lie ......"" ""Why is that ... ..."" ""Stop ... ..."" ""What's that ... ...."" ""I'm not convinced ... ....""",
com_ev_06_464,「うふふ」「素敵です」「素晴らしいですね」「うふふふ」「 小気味好うございます」,"""Uhufu"" ""It is wonderful"" ""It is wonderful"" ""Ufufufu"" ""It is spooky""",
com_ev_06_465,「そんな、いけません……」「堪忍してください」「もう」「後生ですから……」「あう……」,"""I can not do that ...."" ""Please endure it"" ""Already"" ""Because it is after years of life ..."" ""Oh ... ....""",
com_ev_06_466,「そうそう」「先日の件なのですが……」「今思い出したのですが」「ところで……」「ひとつお耳に入れておきたいことがございます」,"""Oh yeah"" ""Although it was a matter of the other day ..."" ""I remembered it now"" ""By the way ..."" ""There is something I want to hear""",
com_ev_06_467_00,「……分かりました。……[Pあだ名]。これで、よろしいでしょうか？」,"""... OK. ... [Pあだ名]. Is this okay with you?""",
com_ev_06_468,「……今は真面目になさってください」,"""... ... Please do it seriously now.""",
com_ev_06_469,「こほん……[Pあだ名]」,"""Ko-ho ... ... [Pあだ名]""",
com_ev_06_470,「私にとって、一番愛おしい名前ですので、声に出して呼ばせていただきました」,"""For me, I am the most beloved name, so I called out with a voice.""",
com_ev_06_471_00,「はい。……[Pあだ名]、どうぞ、貴方のご随意に……」,"""Yes ... ... [Pあだ名], please, yourself ... ...""",
com_ev_06_471_00,「はい。……[Pあだ名]、どうぞ、貴方のご随意に……」,"""Yes ... ... [Pあだ名], please, yourself ... ...""",
com_ev_06_472_00,「その……貴方と直に交わりたいのです。[Pあだ名]……如何でしょうか？　」,"""That ... ... I want to get in touch with you directly, [Pあだ名] ... ... how is it?""",
com_ev_06_472_00,「その……貴方と直に交わりたいのです。[Pあだ名]……如何でしょうか？　」,"""That ... ... I want to get in touch with you directly, [Pあだ名] ... ... how is it?""",
com_ev_06_472_01,「その……貴方と直に交わりたいのです。[Pあだ名]……如何でしょうか？」,"""That ... ... I want to get in touch with you directly, [Pあだ名] ... ... how is it?""",
com_ev_06_473,「困ったお人です……他の方が来る前に出て行ってくださいね？」,"""It is a troubled person ... Please leave before others come.""",
com_ev_06_474,「ここは殿方立ち入り禁止ですよ」,"""Here is a ban on the gates'""",
com_ev_06_475,「破廉恥な貴方なら、入ってくると思っておりましたよ、うふふ」,"""If you are a shameful person, I thought you would come in, Uhufu""",
com_ev_06_476,「私一人だけでしたら、構わないのですが、皆様のご迷惑になりますので……」,"""I do not mind being alone with only one person, but it will be inconvenient for everyone ...""",
talk001/06,「よかったら一緒に勉強しない？」,"""Would you like to study together?""",
talk002/06,「一緒に運動しない？」,"""Do you exercise together?""",
talk003/06,「ちょっと付いてきてもらっていい？」,"""Can I come along for a moment?""",
talk004/06,「恋人の関係って憧れる？」,"""Do you yearn for love relationships?""",
talk005/06,「キスって興味ある？」,"""Are you interested in kissing?""",
talk006/06,「好きな男性のタイプってある？」,"""Is there a type of male you like?""",
talk007/06,「積極的な男性ってどう思う？」,"""What do you think aggressive men?""",
talk008/06,「慎重な男性ってどう思う？」,"""What do you think of a cautious man?""",
talk009/06,「勤勉な男性ってどう思う？」,"""What do you think of a diligent man?""",
talk010/06,「マイペースな男性ってどう思う？」,"""What do you think of a self-paced man?""",
talk011/06,「優しい男性ってどう思う？」,"""What do you think of a gentle man?""",
talk012/06,「クールな男性ってどう思う？」,"""What do you think of cool men?""",
talk013/06,「エッチな話って興味ある？」,"""Are you interested in horny stories?""",
talk014/06,「花嫁修業って、エッチなことも修行するの？」,"""Do you practice bride as well as something horny?""",
talk015/06,「理想の初エッチって、ある？」,"""Is there an ideal first etch?""",
talk016/06,「お、俺は言うほど破廉恥じゃないよ？」,"""O, is not it such a shame that I say?""",
talk017/06,「好きな言葉ってある？」,"""Do you have a favorite word?""",
talk018/06,「常に男を立てるのって疲れない？」,"""Do not get tired of always making a man?""",
talk019/06,「男のことを怖いと思わない？」,"""Do not you think he is scared of a man?""",
talk020/06,「付き合う男性に求める条件ってある？」,"""Is there a requirement for men who go out?""",
talk021/06,「結婚願望ってある？」,"""Is there a desire for marriage?""",
talk022/06,「俺って“殿方”として合格？」,"""I passed"" Letter ""?""",
talk023/06,「好きな人とデートに行くなら、行きたい場所ってある？」,"""If you go out with a person you like, would you like to go there?""",
talk024/06,「いつぐらいからエッチなこととか興味持つようになった？」,"""How long have you been interested in sex or things?""",
talk025/06,「エッチなこと聞かれるのイヤ？」,"""Do you hear what is horny?",
talk026/06,「付き合っている男が身勝手なエッチをする男だったらイヤ？」,"""Is it difficult for a man with whom she is dating to do selfish etiquette?""",
talk027/06,「子作りなのに気持ちいいっておかしいと思う？」,"""Do you think it is strange that it feels good to be a child?""",
talk028/06,「弓道に興味があるんだけど、色々教えてくれる？」,"""I am interested in archery, can you tell me a lot?""",
talk029/06,「俺も[H]に釣り合うような品行方正な男になった方がいいかな？」,"""Should I become a good-looking guy who also balances [H]?""",
talk030/06,「独り暮らしって憧れる？」,"""Do you yearn for living alone?""",
talk031/06,「[H]って将来は、良妻賢母って感じだよね」,"""[H] is a good wife and wise mother in the future, is not it?""",
talk032/06,「俺のこと好き？」,"""do you like me?""",
talk033/06,「俺に直してほしいところってある？」,"""Do you want me to fix it?""",
talk034/06,「最近、みんなが俺たちの噂をしてるの知ってる？」,"""Recently do you know that everyone is rumored to us?""",
talk035/06,「俺との将来のことを考えたことある？」,"""Have you ever thought about the future with me?""",
talk036/06,「エッチで、こういうことされたら嫌だってことある？」,"""Is there something you do not like being hateful when you do it like this?""",
talk037/06,「どんなにアブノーマルなプレイでも応じてくれる？」,"""How can you handle even an abnormal play?""",
talk038/06,「もし[H]にも言えないような性癖があったら嫌？」,"""If you have sexual habits that [H] can not even say, do not like it?""",
talk039/06,「例えばの話、今ここでHしたいって言ったらしてくれる？」,"""For example, can you tell me I want to H here?""",
talk041/06,「ねぇ、[Hあだ名]。愛称で呼んでほしいな」,"""Hey, [Hあだ名]. I'd like you to call me nicknamed""",
talk307/06,「みんながいるけど、ここで[H]とHしたい」,"""Everyone is here, I want to do this with [H]""",
talk308/06,「ここで[H]とHしたい」,"""I want to do this with [H] here""",
talk322/06,「付いてきてもらってもいい？」,"""May I come with you?""",
talk400/06,「きみのことが好きなんだ」,"""I like things about you""",
talk401/06,「きみのことが好きなんだ」,"""I like things about you""",
talk404/06,「あ、あのさ、きみとHしたいなって」,"""Oh, you know, I want you to do it""",
talk405/06,「その……Hしたいな」,"""That ... ... I want to do it""",
talk406/06,「ここできみとHしたい」,"""I want to make you H here""",
talk407/06,「ここできみとHしたい」,"""I want to make you H here""",
talk409/06,「よかったらいっしょにお昼食べない？」,"""Would you like to have lunch with us?""",
talk411/06,「一緒にコイカツしよう」,"""Let's work together""",
talk413/06,「一緒に帰らない？」,"""Are you going home with me?""",
talk415/06,「もしよかったら、デートしない？」,"""Would you like to go on a date?""",
talk416/06,「えっと、デートしたいんだけど、どうかな」,"""Well, I'd like to date, but how about""",
talk418/06,「一緒に勉強しない？」,"""Do you want to study together?""",
talk420/06,「これから運動するんだけど、一緒にどうかな？」,"""I am exercising from now on, how about together?""",
talk422/06,「コイカツ部に興味ない？　よかったら入ってほしいな」,"""Are you not interested in the Koi cut part?",
talk424/06,「ちょっと付いてきて」,"""Come with me for a moment""",
